membership_id,first_name,last_name,email,date_of_birth,mobile_no
412fe,Patty,Smith,Patty_Smith@ross.com,19750827,59428759
f55b5,Sean,Wang DDS,Sean_Wang@gibson-calderon.com,19601103,25595367
c5b43,Richard,Estrada,Richard_Estrada@malone.com,19921015,22821527
79302,Jackson,Cline,Jackson_Cline@hudson.net,19710121,48056519
91f74,Allen,Williams,Allen_Williams@sanchez.net,19970911,77991519
1895a,Eric,Flores,Eric_Flores@dillon-patterson.com,19820107,36641663
a36f3,Anna,Richardson,Anna_Richardson@perry.com,19670223,64083047
bc9ed,Taylor,Gomez,Taylor_Gomez@johnston.com,19821022,24007567
39db3,Jeremy,Rodriguez,Jeremy_Rodriguez@roth.com,19780828,32567967
74ec1,April,Garcia,April_Garcia@hall.com,19871231,24650447
2e576,Sharon,Garza,Sharon_Garza@duran.com,20020830,59411567
6fc4b,Lori,Sanchez,Lori_Sanchez@hardin-warner.net,19980420,76989167
46fd9,Jason,Armstrong,Jason_Armstrong@curtis.com,19921116,68514503
d762d,Jessica,Allison,Jessica_Allison@harper.com,19721030,66821135
25a18,Arthur,Hall MD,Arthur_Hall@gonzalez.com,19940311,65493407
efa2e,Sherry,Meza,Sherry_Meza@west.com,19970409,33491119
7271b,Matthew,Turner,Matthew_Turner@martinez.com,19940707,73291455
93bcf,Sophia,Randolph,Sophia_Randolph@leonard-ramirez.com,19500708,94510479
089b9,Dr.,Samuel Thompson,Samuel_Thompson@sanchez-carroll.com,19840304,99063183
50aa1,Zachary,Lee,Zachary_Lee@smith.com,19870407,36447751
a53ec,Kara,Pittman,Kara_Pittman@gomez-vaughn.com,19680525,80502567
b422a,Gabriella,Anthony,Gabriella_Anthony@castro.com,19970601,89108943
0f02e,Misty,Cantrell,Misty_Cantrell@flores-decker.com,19570303,79619831
9bd66,Kelly,Guerrero,Kelly_Guerrero@riggs.com,19970302,53052583
8619b,David,Nichols,David_Nichols@rocha.com,19620819,62269575
9ea3e,Shawn,Galloway,Shawn_Galloway@johnston.com,19850419,17471367
9408a,Dennis,Sanford,Dennis_Sanford@lopez-archer.com,19800608,88084407
8dff1,Amanda,Murphy,Amanda_Murphy@bright-gibbs.net,20000730,30501351
52828,Bobby,Martin,Bobby_Martin@jackson.com,20000331,43871143
5b105,Vernon,Bishop,Vernon_Bishop@clark-larson.com,19731007,78396487
4a577,Phillip,Meyers,Phillip_Meyers@mcneil-williams.com,19601022,95409119
c1933,Robert,Martin,Robert_Martin@crawford.com,19500718,78547615
67928,William,Taylor,William_Taylor@warner-morgan.net,19860131,42996791
77a22,Michael,Brady,Michael_Brady@wells-sanders.com,19500323,65342263
26216,James,Rhodes,James_Rhodes@green.com,19771010,27465295
ee922,Ryan,Ramirez,Ryan_Ramirez@pham.com,19850425,67907071
f439c,Stephen,Thompson,Stephen_Thompson@hess.com,19511211,75033031
8e831,Susan,Williams,Susan_Williams@rowland.com,19761205,95688383
64c27,Dylan,Johnson,Dylan_Johnson@montgomery.com,19960701,52048815
7b56d,Pamela,King,Pamela_King@soto.net,19930929,72515095
e9ca4,Robert,Smith,Robert_Smith@joyce.com,19870424,76366335
30ae8,Samantha,Gonzalez,Samantha_Gonzalez@rios-fletcher.com,19980829,40456647
505d0,Jeffery,Walker,Jeffery_Walker@watson.com,19560624,46574799
338b0,Todd,Alvarez,Todd_Alvarez@vaughn.com,19741125,42011263
4a553,Brett,Willis,Brett_Willis@gibbs.com,19610809,86342007
263af,Kristin,Wilkins,Kristin_Wilkins@harvey.com,20021105,84393855
8e321,Joshua,Lynch,Joshua_Lynch@daniels.com,19650526,71572839
986fd,Deborah,Williams,Deborah_Williams@howard.com,19841121,11357647
f0117,Timothy,Martin,Timothy_Martin@camacho-sparks.net,20030501,92008191
e8554,Sarah,Bright,Sarah_Bright@winters.com,19981115,24327743
c0d2e,Rebecca,Anderson,Rebecca_Anderson@carter-ramirez.com,19730827,27023231
12503,Roger,Frost,Roger_Frost@cole-robinson.com,19700217,94120431
de99a,Eric,Dunn,Eric_Dunn@reese.com,19601207,13714207
73760,Heather,Pierce,Heather_Pierce@williams-edwards.com,19570813,32413999
97949,Jordan,Erickson,Jordan_Erickson@martinez.com,19750208,64756655
8bbe0,Susan,Ali,Susan_Ali@leach.com,19990501,74229143
8e34a,Richard,Wilson,Richard_Wilson@hernandez.com,19990307,36349175
47f13,Jon,Butler,Jon_Butler@blackwell.com,19870318,78121695
3ed64,Paul,Phillips,Paul_Phillips@vance.com,19970216,11213063
bed65,Adam,Parker,Adam_Parker@yoder.com,19980722,27783391
fb35a,Cory,Walker,Cory_Walker@torres.net,19620812,37614935
c236d,Jeffrey,Sanchez,Jeffrey_Sanchez@jones-butler.com,19950914,73226919
47ce5,Bianca,Martin,Bianca_Martin@mitchell.com,19780502,86924127
33ee8,Jeffrey,King,Jeffrey_King@hicks-boyd.com,19770623,68622991
3fcc7,Melanie,Wiggins,Melanie_Wiggins@mcdonald-rice.com,20000214,91699615
f439f,Mr.,Daniel Smith,Daniel_Smith@cummings.com,19860803,26613823
6870c,Scott,Lawrence,Scott_Lawrence@aguilar.com,19760401,59217375
4b611,James,Sosa,James_Sosa@robles-hawkins.com,19570811,47053447
cac35,Jamie,Jackson,Jamie_Jackson@carr.com,19770526,71512687
aa927,Jeffrey,Hatfield,Jeffrey_Hatfield@morgan-erickson.com,19701014,69441735
77bc4,James,Phillips,James_Phillips@green-taylor.com,19611019,89808183
5145b,Jessica,Moore,Jessica_Moore@harrison-bautista.com,19990905,27155335
40196,Richard,Anderson,Richard_Anderson@peck-franklin.com,19700504,24730327
337ba,Lauren,Hahn,Lauren_Hahn@simmons.com,19720620,15132727
d2fa8,Faith,Edwards,Faith_Edwards@price.net,19770726,44653063
8f932,Laura,Vargas,Laura_Vargas@gallagher-young.com,19770910,40816943
b0aff,Sarah,Lewis,Sarah_Lewis@wyatt.com,19810225,37945839
c802f,Brad,Huff,Brad_Huff@moore.com,19611227,28207575
07922,Alexander,Richardson,Alexander_Richardson@perez.com,19581025,34675335
da601,Matthew,Moore,Matthew_Moore@nichols.com,20030707,66391671
f669c,Joseph,Howard,Joseph_Howard@williams.com,19520726,46746383
43aa2,Anne,Richards,Anne_Richards@mccarthy.com,19690609,84963423
54e60,Derek,Thomas,Derek_Thomas@green.com,19640724,37329863
1b23f,Joseph,Bonilla,Joseph_Bonilla@freeman.com,19740805,66912183
bc51b,Gary,Barber,Gary_Barber@roberts.net,19551211,44790343
3d5ee,Brian,Johnson,Brian_Johnson@carr.com,19810617,76631695
31fb5,Christine,Peterson,Christine_Peterson@hamilton.com,19741119,57627175
3bc8b,Christopher,Bautista,Christopher_Bautista@rodgers.com,19940212,48834663
f8155,Barbara,Krueger,Barbara_Krueger@strong.com,19520322,30905343
96a6f,Monica,Oconnor,Monica_Oconnor@gordon.com,19800107,97887295
039e9,Peggy,Johnson,Peggy_Johnson@berg.com,19720328,34795631
1fc9a,Susan,Herrera,Susan_Herrera@gomez.com,19550826,24027735
5a732,Andrew,Matthews,Andrew_Matthews@ramos-vaughn.com,19880219,90821359
4284d,Erin,Kennedy,Erin_Kennedy@hendricks-mason.com,19650901,35865639
7d152,Jason,Lopez,Jason_Lopez@wood-hill.com,19740830,11287127
70bf4,Jerry,Clark,Jerry_Clark@perez.com,19950928,46859655
260b3,Alyssa,Kim,Alyssa_Kim@beck-zuniga.com,19901108,59732335
42b01,Courtney,Williams,Courtney_Williams@garner.com,19990919,27598999
9c89f,Matthew,Nelson,Matthew_Nelson@hunt.com,19580127,45515247
2c198,Robert,Moore,Robert_Moore@young.com,19550415,19512199
42c7a,Nicole,Mcgee,Nicole_Mcgee@reyes.com,19590303,34539135
4c83a,Danielle,Hunter,Danielle_Hunter@ballard.com,19711108,99947039
df68d,Kelly,Perez,Kelly_Perez@ward-wilson.com,19600519,60614735
9de7f,Mary,Odom,Mary_Odom@morgan-reynolds.com,19630813,98738367
4ce4a,Arthur,Gibson II,Arthur_Gibson@thompson-thompson.com,19610306,75411807
294fe,Christopher,Miller,Christopher_Miller@kelly.com,19850131,16222031
cdba3,Amber,Hopkins,Amber_Hopkins@hall.com,19750831,15289039
984c6,Nancy,Garcia,Nancy_Garcia@lewis-hayden.com,19680503,62971303
ba4f4,Alex,Rhodes,Alex_Rhodes@russell.net,19780913,75808519
d0ae0,Daniel,Bennett,Daniel_Bennett@stephens-oneill.com,19730228,20776023
41d74,Kevin,Woodard,Kevin_Woodard@lynch.com,19550908,30319911
e9c60,Alan,Peterson,Alan_Peterson@burch.com,19760129,88993663
26f55,Jacob,Grant,Jacob_Grant@cummings.com,19910412,94196575
36eb2,Gabrielle,Johnson,Gabrielle_Johnson@serrano.com,19580610,35424207
be87a,Caleb,Morales,Caleb_Morales@collins.com,19660329,69459679
d3a33,James,Dominguez,James_Dominguez@black.com,19880512,49527207
a5722,Kathryn,Cardenas,Kathryn_Cardenas@skinner.com,19830805,81016239
5612b,Jeffrey,Santiago,Jeffrey_Santiago@duncan.com,19750228,93827623
b6db1,Andrew,Mclaughlin,Andrew_Mclaughlin@fitzpatrick-lucas.com,19730514,66417719
e3637,Mr.,Bryan Porter,Bryan_Porter@elliott.com,19570214,88089671
6962f,Brendan,Smith,Brendan_Smith@williams.com,19580516,67839775
57239,Jeffrey,Hernandez,Jeffrey_Hernandez@mcdaniel.com,19891231,76263607
c5bc6,Michael,Miller,Michael_Miller@taylor-moore.com,19640520,17581687
399eb,Theresa,Newman,Theresa_Newman@perry-scott.com,19941129,36575799
276d7,Paul,Romero,Paul_Romero@middleton-jones.com,19600710,98843943
e428f,Janet,Choi MD,Janet_Choi@neal.com,19860718,66675695
e2ec2,Mark,Bender,Mark_Bender@oneal-wilkins.com,19691109,27354911
1e359,Abigail,Brown,Abigail_Brown@jones-underwood.com,19800810,15726143
cd98f,Antonio,Dominguez,Antonio_Dominguez@nichols.com,19801115,75861007
e5838,Tony,Morris,Tony_Morris@davis.com,19700508,33280551
1f8b7,Randy,Carlson,Randy_Carlson@rivera.com,19550530,51211679
bf6e0,Mitchell,Pierce,Mitchell_Pierce@houston-conway.net,20010824,96845551
4ea1e,Angela,West,Angela_West@anderson-fitzgerald.com,19810427,59397207
505e8,Kevin,Peters,Kevin_Peters@edwards.com,19670602,28855487
6fb5e,Benjamin,Conway,Benjamin_Conway@burton-paul.com,19551228,23338319
ff892,Andrew,Stewart,Andrew_Stewart@wong.com,19511202,19799879
34eb9,Brenda,Jones,Brenda_Jones@lang.com,19550408,62608823
38ad0,Elizabeth,Bailey,Elizabeth_Bailey@stephenson-arnold.com,19630101,20218071
fd40d,Kelly,Levy,Kelly_Levy@barajas.com,19940805,74468255
88b86,Thomas,Burton,Thomas_Burton@dunn-avery.net,19750419,14613071
8d81c,Paul,Peterson,Paul_Peterson@bullock.com,20021225,59148863
6e111,Michael,Reilly,Michael_Reilly@cooper.net,19720514,33876967
fa369,Alejandra,Martinez,Alejandra_Martinez@jones.com,19791221,87381327
62b5f,Timothy,Sanders,Timothy_Sanders@harrell.com,19520310,63453583
cea6b,Latoya,Little,Latoya_Little@martinez.com,19780708,43404335
02633,Sarah,Harvey,Sarah_Harvey@martin-smith.com,19600331,58520471
c839f,Melissa,Ortiz,Melissa_Ortiz@lee-malone.com,19580729,49637727
e4283,Brooke,Hernandez,Brooke_Hernandez@benitez.com,19911114,97309975
c8111,Lisa,Livingston,Lisa_Livingston@glover.com,19500423,20519415
318be,Eugene,Mason,Eugene_Mason@gardner.com,19781213,47810855
184b7,Daniel,Cunningham,Daniel_Cunningham@cooper.com,19730326,78657983
36404,Alex,Smith,Alex_Smith@johnson.com,20020305,58965703
4514b,Jessica,Vargas,Jessica_Vargas@miller-price.net,19810517,48925903
10835,Olivia,Clark,Olivia_Clark@wade-roberson.com,19740110,67793735
61e00,Cathy,Carney,Cathy_Carney@williams.net,19970522,31104151
31453,Haley,Baldwin,Haley_Baldwin@bush-wolfe.com,19650413,31940631
c0ee8,Alexander,Wilson,Alexander_Wilson@barron-garcia.com,19881111,13893319
cc558,April,Cole,April_Cole@vargas.com,19610622,65186503
8215f,Holly,Riley,Holly_Riley@stokes.com,19740728,55620431
c0d51,Jeffrey,Poole,Jeffrey_Poole@cross.com,19570402,82077439
d0589,Rachel,Poole,Rachel_Poole@jones.net,19760807,35095087
45aed,Sheena,Ward,Sheena_Ward@wilson-mcbride.com,19730926,96834175
d36d1,Cynthia,Smith,Cynthia_Smith@smith.com,19510509,48760255
53741,Kevin,Clayton,Kevin_Clayton@miller.com,19750807,25081071
546f6,Sarah,Coleman,Sarah_Coleman@novak.com,19500119,37411775
f48b7,Cody,Becker,Cody_Becker@hansen.com,19601216,76003567
e7a1c,Miss,Molly Miller,Molly_Miller@king-kelly.net,19770511,99947663
20333,Craig,Bailey,Craig_Bailey@hancock-brown.com,19970713,33032303
ab06c,Patricia,Gray,Patricia_Gray@dawson.com,19660319,18281751
2b43e,Robert,Rivera DVM,Robert_Rivera@gibson.com,19500722,35020847
75e4c,Miss,Michelle Lewis,Michelle_Lewis@wiggins-thornton.com,19830121,64700455
e903f,John,Owens,John_Owens@callahan.com,19670424,71230983
b21f3,Sarah,Smith,Sarah_Smith@kirk.com,19680408,22702359
2a4be,Nancy,Lucas,Nancy_Lucas@aguilar.com,19830607,91477863
a2bb3,Christina,Murray,Christina_Murray@collins-day.com,19791217,35027583
58d51,Emma,Berry,Emma_Berry@charles.com,19940701,34612959
2a1bd,Christopher,Gross,Christopher_Gross@grimes.net,20031114,49217831
17eac,Jason,Hawkins,Jason_Hawkins@adams-hunter.com,19540110,31750255
d4452,Jeffrey,Rodriguez,Jeffrey_Rodriguez@johnson-white.com,19690718,29947599
03bda,Christina,Miller,Christina_Miller@marshall-lucas.com,19530425,92153503
c4ffa,Maria,Miller,Maria_Miller@roberts.com,19941221,86317751
eff90,Eileen,Davis,Eileen_Davis@knox.com,19520404,19544735
5d7ba,Harry,Miller,Harry_Miller@warner-jackson.com,19890613,63478047
b79fd,Ellen,Montes,Ellen_Montes@sellers.com,19610714,16519759
120f6,Gregory,Mclean,Gregory_Mclean@valencia.com,19610108,38860951
9eb63,Angela,Spencer,Angela_Spencer@lopez.com,19980205,18410783
d8ef4,Christina,Price,Christina_Price@kennedy-tran.com,19860805,65381695
b2d07,Amber,Randall,Amber_Randall@boyd-freeman.net,19521009,60506343
1bf89,Matthew,Morris,Matthew_Morris@boyle-novak.com,19981111,49822607
62d0e,Cindy,Blackburn,Cindy_Blackburn@bolton.net,20000810,86098071
5cf39,Matthew,Jacobson,Matthew_Jacobson@bishop-thomas.com,19511204,99110191
58a72,Stacy,Jones,Stacy_Jones@perez.com,19940909,71998399
57029,Scott,Zimmerman,Scott_Zimmerman@fischer.com,19560130,70071511
c933b,Dakota,Silva,Dakota_Silva@barker-miller.com,19791007,41853599
147c0,Jacob,Spencer MD,Jacob_Spencer@jefferson.net,19620226,41992359
bea3b,Matthew,Oliver,Matthew_Oliver@mitchell.com,19720423,14016935
f28a0,Roger,Maddox,Roger_Maddox@richards.com,19810426,86988519
02355,Bryan,Gutierrez,Bryan_Gutierrez@short-huerta.net,19881118,84795039
329dc,Peter,Schultz,Peter_Schultz@shah.com,19570829,78301895
f1888,Justin,Burke,Justin_Burke@johnson.com,19961202,43401655
bcac3,Sarah,Ramsey,Sarah_Ramsey@hayes.com,19640622,63376279
46787,Michael,Chang,Michael_Chang@watkins.com,19900902,99632783
c319b,Pamela,Hughes,Pamela_Hughes@rivas-garza.com,19570116,32117783
235c3,Jimmy,Morris,Jimmy_Morris@hall-watkins.com,19640120,31836895
ddd99,Lauren,Romero,Lauren_Romero@davis.com,20020425,50100783
02f28,Adam,Jones,Adam_Jones@kline-reeves.com,19570701,83246639
18394,Matthew,Murphy,Matthew_Murphy@graham.com,19600216,18189831
b3701,Jessica,Arroyo,Jessica_Arroyo@flores-evans.com,20021019,24971015
2df71,Caleb,Zuniga,Caleb_Zuniga@stone.net,19681028,36180711
9b388,Cheyenne,Moreno,Cheyenne_Moreno@hampton.com,19601209,61341887
949f1,Courtney,Lopez,Courtney_Lopez@sanders.com,19711008,35323391
b699f,Kenneth,Williamson,Kenneth_Williamson@perez.com,19541003,36169599
05d20,Bruce,Browning,Bruce_Browning@robertson-baldwin.com,19631113,22984503
92eed,Shannon,Gilbert,Shannon_Gilbert@brown-schaefer.com,19920613,34472903
7e860,Amanda,Brown,Amanda_Brown@williams.com,19541218,52400391
62cc9,Riley,Gomez,Riley_Gomez@hoffman.com,19811102,20838807
1ad68,Shelby,Price,Shelby_Price@fuller.net,19860708,74350543
1a897,Scott,Harris,Scott_Harris@mullins.com,19901214,36307567
05456,Bonnie,Franklin,Bonnie_Franklin@gillespie.com,19880714,22008807
5f47d,Ashley,Morris,Ashley_Morris@marshall.net,20020110,13085855
f1081,Jack,Jensen,Jack_Jensen@kent-williamson.net,19601229,93571087
b6b02,Daniel,Armstrong,Daniel_Armstrong@brown.com,19820714,18991247
5de3a,Susan,Donovan,Susan_Donovan@jordan-anderson.com,19690130,85222335
ac630,Michael,Powell,Michael_Powell@mccall.com,19941127,63894311
f4c01,Alexander,Lowe,Alexander_Lowe@morris.com,19610805,93074023
924c3,Aaron,Wilson,Aaron_Wilson@burke-benton.net,19870517,75053391
3caa2,Samuel,Lee,Samuel_Lee@gardner-rodriguez.net,19740209,57636831
def06,Jennifer,Weaver,Jennifer_Weaver@patterson.com,19781015,74152151
d57e9,Leonard,Hamilton,Leonard_Hamilton@brown.com,19880229,76082775
8c42c,Kathy,Phillips,Kathy_Phillips@floyd.com,19841216,57829247
f7f6c,Jennifer,Jimenez,Jennifer_Jimenez@morgan.com,19921121,59592559
d08ec,Victoria,Lawson,Victoria_Lawson@snyder.com,19541204,24045823
49cda,Michael,Martinez,Michael_Martinez@hogan.net,19520711,40271975
ea3fd,Dr.,Paul Jones,Paul_Jones@clark-irwin.com,19940215,91301999
d3671,Danielle,Tran,Danielle_Tran@mann.com,19880826,85246679
f7312,Jeff,Freeman,Jeff_Freeman@guzman.com,20030520,13590655
1725d,Marissa,Jones,Marissa_Jones@lewis.net,19580608,32094119
062ce,Elijah,Roy,Elijah_Roy@jones-baldwin.com,19870507,57159015
912a0,Courtney,Simpson,Courtney_Simpson@preston-cantrell.com,19730311,77314887
59c45,Kimberly,Hopkins,Kimberly_Hopkins@adams.com,19931022,67364511
a816e,William,King,William_King@cline-allen.com,19841115,21561215
e6b08,Stephanie,Robertson,Stephanie_Robertson@owen-rodriguez.com,20020805,75259367
44236,Rickey,Hill,Rickey_Hill@parker-cohen.com,19640430,56465207
78de6,Erika,Stewart,Erika_Stewart@solis.com,19851226,83552695
38705,Christina,Johnson,Christina_Johnson@clark.com,20010622,30262983
cd3c0,Kelli,Wells,Kelli_Wells@jones.com,19540803,27406215
4f128,Nathan,Archer,Nathan_Archer@gray.com,19560723,72954367
b8299,Michael,Kline,Michael_Kline@phelps-alvarez.com,19650623,20968343
63294,Joshua,Rodriguez,Joshua_Rodriguez@thornton-benitez.com,19530317,27953967
af52e,James,Rodriguez,James_Rodriguez@logan.com,19810717,50981423
68ba4,Robert,Ortega,Robert_Ortega@perez.com,19600316,57040695
0e2d0,Teresa,Ruiz,Teresa_Ruiz@holmes.com,19510409,22432447
a4800,Madison,Mejia,Madison_Mejia@sims.com,19530323,73824679
bec38,James,Bailey,James_Bailey@flynn.net,19861007,26146743
884fa,Mary,Perry,Mary_Perry@williams.net,19730808,57879711
37bfd,Crystal,Jones,Crystal_Jones@webb.com,19620914,39588047
8a71c,Aaron,Brown,Aaron_Brown@yates.com,19860205,43815191
71dc1,Tanya,Barajas,Tanya_Barajas@davis.com,19740430,92793871
f0a4e,Samantha,Rasmussen,Samantha_Rasmussen@stokes-leon.com,19940621,26634223
e2020,Vincent,Martin,Vincent_Martin@wright-lee.com,19840124,55457087
44b85,Tony,Crawford,Tony_Crawford@moore.com,19870818,15997263
cd00a,Randy,Sullivan,Randy_Sullivan@perez.net,19611025,15665967
767c8,Kimberly,Thompson,Kimberly_Thompson@brewer-walters.net,20001211,88531623
6c809,Martin,Compton,Martin_Compton@morgan.com,19840206,42037887
f91bb,Tracy,Brown,Tracy_Brown@joyce.com,19720823,26044711
56865,Leslie,Preston,Leslie_Preston@johns.com,19720510,71892959
e0aa2,Jay,Parker,Jay_Parker@fowler.net,19930930,57583783
7abf9,Lance,Williams,Lance_Williams@williams.net,19730708,19310567
6c368,Kathleen,Allen,Kathleen_Allen@cook.com,19860113,38829559
5b49a,Marie,Lamb,Marie_Lamb@hampton.com,19791004,26841263
f8c5c,Nathan,Flores,Nathan_Flores@gibbs.net,19790409,86883135
3ac6b,Ashley,Caldwell,Ashley_Caldwell@mason-bryant.com,19880309,13420663
7998c,Renee,Martin,Renee_Martin@crawford-walker.com,19810421,55803823
1c04a,Keith,Parker,Keith_Parker@moore.com,19640826,40120471
550f8,Melissa,Levy,Melissa_Levy@arroyo.com,19500330,51842935
28760,Brandon,Powell,Brandon_Powell@craig-gonzales.net,19760606,43375815
be521,Kimberly,Stone,Kimberly_Stone@murphy-bryant.com,19941205,25323999
94192,Adam,Jones,Adam_Jones@ashley.com,19730316,55082935
b275b,Elizabeth,Andersen,Elizabeth_Andersen@baker.com,19740123,69096535
07aa6,Destiny,Lutz,Destiny_Lutz@thompson-wright.com,19940412,87853607
957a0,Brandy,Allen,Brandy_Allen@hardy-griffin.com,19810113,92130799
0dd0f,Stephanie,Decker,Stephanie_Decker@barrett.net,19770509,92626639
97e8e,Michelle,Keller,Michelle_Keller@johnson.com,19510607,56139711
06018,Stacey,Yates,Stacey_Yates@lewis.com,19921208,30115967
20326,Sue,Lee,Sue_Lee@rojas.com,19860829,97367575
f6b1f,Anna,Long,Anna_Long@coleman.com,19740316,52566967
0f796,Annette,Watson,Annette_Watson@brown-brennan.com,19580423,67851175
e6fac,James,Thomas,James_Thomas@torres.net,19520905,58718239
bb6cc,Kelli,Olson,Kelli_Olson@campbell.net,19960723,50265023
42c78,Becky,Reid,Becky_Reid@vargas.net,19751027,37025287
ae56d,Wesley,Shaw,Wesley_Shaw@henderson-gibson.com,19830121,76819471
65e0a,Pamela,Boyd,Pamela_Boyd@freeman.com,19680628,25030751
4fb06,Jeremy,Lewis,Jeremy_Lewis@murray.com,19530701,44159519
17502,Jennifer,Garza,Jennifer_Garza@herrera-klein.com,19890306,31999455
3cbc1,Joseph,Perry,Joseph_Perry@tucker.com,19510616,16254071
0249a,Heather,Herman,Heather_Herman@williams-lindsey.com,19710606,97877423
b5781,Laura,Lopez,Laura_Lopez@rodriguez.com,19901221,72627367
fb5c0,Reginald,Barnes,Reginald_Barnes@walker-robinson.com,19730214,19884399
93f9a,Robert,Weaver,Robert_Weaver@young-leonard.com,19820218,39131199
19e30,Beth,Martinez,Beth_Martinez@johnson.com,19681225,87909191
06a9e,Spencer,Ware,Spencer_Ware@montgomery-lane.com,19800910,74599951
41797,Willie,Erickson,Willie_Erickson@bartlett.com,19911001,53673855
159da,Daniel,Nguyen,Daniel_Nguyen@mccall.com,19590309,37673823
098b7,Leonard,Martinez,Leonard_Martinez@mcbride.com,19560922,14452319
fb34d,Robert,Stephens,Robert_Stephens@lopez.com,20000619,92784815
1b4b6,Daniel,Chen,Daniel_Chen@little.com,19520716,46750383
ac9b3,Samuel,Dalton,Samuel_Dalton@marquez.com,19960916,75194711
4d3c7,Heather,Bennett,Heather_Bennett@hamilton-blair.com,20020501,64795847
a5663,Joshua,King,Joshua_King@hale.net,20000106,99342223
431eb,Crystal,Blake,Crystal_Blake@parker.com,19701117,97878511
638b8,Amanda,Evans,Amanda_Evans@cox.com,19590224,92559519
3d8ba,Sergio,Day,Sergio_Day@guzman-garrett.com,19510531,27091295
a12e5,Julie,Boyd,Julie_Boyd@white-george.com,19690609,47949079
8cf97,Logan,Watkins,Logan_Watkins@hernandez.com,20001105,87081215
3173b,Steven,Ortiz,Steven_Ortiz@hamilton.com,19670605,15073183
16294,Lisa,Marquez,Lisa_Marquez@day-smith.com,19710326,18443671
fdca3,Jennifer,Martin,Jennifer_Martin@moore.com,19830527,83212175
b02ae,Arthur,Chandler,Arthur_Chandler@martin.com,19611002,18438007
fb8d9,Ronald,Hudson,Ronald_Hudson@carson.com,19511003,66192423
1232e,Jennifer,Lee,Jennifer_Lee@guerra-lopez.com,19500104,35305031
8b757,Gregory,Yoder,Gregory_Yoder@robinson-johnson.com,19530620,75705319
ab61b,Carolyn,Harmon,Carolyn_Harmon@watts-horn.com,19980124,55977599
7ac5d,Dr.,Christopher Harrell,Christopher_Harrell@lindsey.com,19700630,52999479
3732b,Kevin,Johnson,Kevin_Johnson@rogers.com,19930208,15154639
6c3e1,Michael,Harrison,Michael_Harrison@franklin.com,19510819,29087871
df574,Terry,Moore,Terry_Moore@barker-ayers.com,19870615,19828167
e595e,James,Rogers,James_Rogers@green.net,19930407,65821255
fc4af,Kathleen,Tran,Kathleen_Tran@wilson.net,19741102,20044927
d5d31,Jacqueline,Conway,Jacqueline_Conway@robinson-carson.com,19710617,91842383
4ce49,Maxwell,Cole,Maxwell_Cole@larson.com,19510302,41796463
b699f,Bethany,Williamson,Bethany_Williamson@flores.com,19541003,40227935
cadfe,Joseph,Wright,Joseph_Wright@powell.net,19570521,40768583
39892,Heidi,Bolton,Heidi_Bolton@spencer.com,19560616,58079023
9b234,Daniel,Lewis,Daniel_Lewis@robertson.com,19770502,48084439
44ea6,Dale,Ramirez,Dale_Ramirez@patton.com,19550323,59875791
4312d,Carol,Sharp,Carol_Sharp@garcia-lamb.com,19750312,18014567
77bd5,Joseph,Buck,Joseph_Buck@jacobs.com,19521103,34270063
e6ce9,Lynn,Anderson,Lynn_Anderson@williams-carter.com,19960113,75488911
08217,Sarah,Harris,Sarah_Harris@thomas-sanchez.com,20010530,52442775
70f0e,Victor,Owens,Victor_Owens@collins.com,19960815,53064383
3a604,Kimberly,Koch,Kimberly_Koch@rodriguez.net,19870125,35893839
7bc1a,Allison,Obrien,Allison_Obrien@bailey-sanders.com,19620423,81154631
079a9,John,Rogers,John_Rogers@oneill.com,19710905,21046575
05e41,Janet,Collins,Janet_Collins@farrell.com,19840721,89424095
83787,Kristin,Lawson,Kristin_Lawson@salinas.com,19760111,36661711
d8684,James,Castaneda,James_Castaneda@miller-hart.com,19640126,64715807
4baf9,Robert,Ortiz,Robert_Ortiz@saunders-hunter.com,19760811,80296223
bfdaf,Connie,Harper,Connie_Harper@lewis.com,19950627,21369119
342f7,Debbie,Burns,Debbie_Burns@salinas.com,19830608,95570935
17c89,Gabriel,Preston,Gabriel_Preston@black.com,19961120,88336263
4e02d,Brandon,Orozco,Brandon_Orozco@greene.com,19870717,59988495
35e98,Kari,Nguyen,Kari_Nguyen@farley.com,19991119,47980591
d33b9,Brittany,Hill,Brittany_Hill@rogers-hoffman.com,19870506,90817791
efe37,Carrie,Martinez,Carrie_Martinez@hendrix.com,19740124,96107743
3b59e,Linda,White,Linda_White@moore.com,19751015,84876711
1ff9f,Jake,Spencer,Jake_Spencer@murphy.com,20020905,53533879
c2d5e,Joseph,Chan,Joseph_Chan@hutchinson-gutierrez.com,19660922,19544079
ec516,Kathleen,Ali,Kathleen_Ali@horn-rogers.com,19960206,45338687
2fdb9,Danielle,Stephens,Danielle_Stephens@miller.net,19610929,16838823
8c518,Brianna,Schaefer,Brianna_Schaefer@nelson-mcmahon.com,19761203,34700887
71c54,Angela,Morris,Angela_Morris@murray.com,19760702,89409391
b54eb,Jessica,Smith,Jessica_Smith@walsh-steele.com,19510531,97984639
02fb7,Brenda,Long,Brenda_Long@carter.net,19510914,45992583
e8238,Megan,Taylor,Megan_Taylor@montgomery.com,19930510,12610975
c72b3,Kelly,Morales,Kelly_Morales@sanchez.com,19800227,44799815
c7ca6,Sheri,Johnson,Sheri_Johnson@lucas.com,19880422,34118127
3c118,Lori,Pacheco,Lori_Pacheco@ayala.com,19620630,94662495
9e9e8,Sandra,Schmidt,Sandra_Schmidt@herrera.com,19591107,50638143
9d475,Ms.,Rachel Hill,Rachel_Hill@gutierrez.com,19541202,55824367
0dfa3,Emily,Case,Emily_Case@lewis.com,19850805,90216215
c021a,Seth,Alvarez,Seth_Alvarez@conrad.com,19800108,90929927
9c51a,Jose,Reyes,Jose_Reyes@garcia.com,19700929,94563263
ddf85,Zachary,Le,Zachary_Le@whitaker.com,19851028,56441999
fcc97,Rhonda,Anthony,Rhonda_Anthony@lawson.com,19740915,12850551
a8197,Joseph,Hill,Joseph_Hill@rodriguez-newton.com,20020923,89902687
c7062,Erin,Davis,Erin_Davis@sanchez.net,19600917,22992863
621a0,Lucas,Brown,Lucas_Brown@miller.com,19890111,34675679
015de,William,Garcia,William_Garcia@powell.com,19851209,25729991
d0871,Lauren,Swanson,Lauren_Swanson@pena-pierce.com,19610921,85204407
c945a,John,Frank,John_Frank@martin.com,19500519,42691023
41bdd,Nicole,Schmidt,Nicole_Schmidt@stephens.com,19650911,86157423
7faee,Nathan,Gray,Nathan_Gray@scott-gonzalez.com,19960618,48983767
c3b39,Nichole,Delgado,Nichole_Delgado@dixon-cruz.com,19720503,60338223
e2d41,Marcus,Rodriguez,Marcus_Rodriguez@jones.com,19691105,23424599
abe4f,Samuel,Solomon,Samuel_Solomon@wolf.net,19871230,26166751
dcb40,Katrina,Miller,Katrina_Miller@grimes.com,19540803,81240247
1e087,Raymond,Conner,Raymond_Conner@oneal-johnson.com,19970128,95736583
3c152,Lori,Fuller,Lori_Fuller@gordon.com,19680101,54288255
7ca77,Corey,Wilson,Corey_Wilson@hoover-hernandez.com,19531110,39467535
faccd,Holly,James,Holly_James@macdonald.com,19640411,62732175
0a066,Alicia,Mccarty,Alicia_Mccarty@beasley.com,19820916,57669519
711f9,Zoe,Christian,Zoe_Christian@grant.com,19990319,22170983
32a80,Nicholas,Watson,Nicholas_Watson@williams.com,19620304,72181751
032d1,Victoria,Wood,Victoria_Wood@proctor-baker.com,19910622,13955959
cfa3e,Jillian,Knight,Jillian_Knight@davenport.com,19880811,20417711
503c2,Ryan,Fisher,Ryan_Fisher@fletcher.com,19871030,63505855
bf2d1,Stephanie,Howe,Stephanie_Howe@allen.com,19630905,37283343
cb056,Kenneth,Kim,Kenneth_Kim@duran.com,19990505,37818767
c59c6,Andrew,Macias,Andrew_Macias@douglas.com,19661013,28232535
5a32b,Elizabeth,Huffman,Elizabeth_Huffman@zamora.com,19580918,15486151
8644e,Christina,Stone,Christina_Stone@medina.com,19930320,34449775
0bbc5,Alexander,Merritt,Alexander_Merritt@butler.net,19800913,33574735
0bb4b,Kelly,Sanders,Kelly_Sanders@coleman.com,19520413,29703695
1e267,Matthew,Jones,Matthew_Jones@arnold.com,20000615,98616991
acf45,Sarah,David,Sarah_David@collier.net,19981216,97218247
5c93c,Carmen,Barajas,Carmen_Barajas@smith.com,19810526,34685455
3ec8c,Angela,Johnson,Angela_Johnson@stewart.com,19840827,62439103
a08b4,Melissa,Sparks,Melissa_Sparks@sanchez-stevenson.com,19930208,27530863
0bb3f,Katherine,Hill,Katherine_Hill@tran.com,19830918,37709951
30290,Kristin,Hart,Kristin_Hart@ortega.com,19661217,36255543
77811,Jacqueline,Ho,Jacqueline_Ho@henry.com,19610131,75359367
c8fb5,Michael,Knight,Michael_Knight@davidson.com,19870408,71412263
5b783,Heather,Arroyo,Heather_Arroyo@martinez.com,19790907,36165719
dfffd,Lori,Larson,Lori_Larson@flowers.com,19630708,38397103
f658c,David,Vazquez,David_Vazquez@davila-beck.com,19900612,57160871
cf61d,Sherry,Hicks,Sherry_Hicks@stout-nicholson.com,19611127,12514111
beeb3,Sarah,Davila,Sarah_Davila@nash.com,19790609,46685303
491d2,Karen,Oneill,Karen_Oneill@gomez.com,19920410,72265879
ac972,Nicholas,Mills,Nicholas_Mills@williams.com,19630110,68844231
44364,Jennifer,Montgomery,Jennifer_Montgomery@estrada-cole.com,19710715,53834071
aa795,Cynthia,Bailey,Cynthia_Bailey@oneill.com,19790825,48942719
231d1,John,Wright,John_Wright@harris.com,19831019,96650335
7709b,Sheila,Brown,Sheila_Brown@stevens-edwards.com,19821128,32490999
3f2b7,Lisa,Moore,Lisa_Moore@ramos.com,19941119,99493567
e0d0a,Julian,Newman,Julian_Newman@haynes.com,19580313,49873159
ab595,Thomas,Ferguson,Thomas_Ferguson@guzman.com,19591213,28787319
48ab2,Lauren,Rodriguez,Lauren_Rodriguez@soto.com,19931016,27106623
71b7b,Richard,Anderson,Richard_Anderson@white.com,19580607,66751511
4d24b,Jessica,Lee,Jessica_Lee@brown-baxter.com,19670124,89410823
28ec4,Martin,Allen,Martin_Allen@steele.com,20020924,99969439
ac4c6,Angela,Mitchell,Angela_Mitchell@moreno-evans.com,19690501,50190223
e696d,Derrick,Sanchez,Derrick_Sanchez@mitchell.com,19700424,97980535
c677e,Christine,Ellis,Christine_Ellis@blackwell.com,19980617,69393823
8749e,Alyssa,Salinas,Alyssa_Salinas@robbins.com,19980710,41363847
51f40,Mr.,Kevin Walsh,Kevin_Walsh@hamilton.net,19920508,63251375
71691,Kenneth,Knox,Kenneth_Knox@zamora.com,19990626,47904991
b3005,Steve,Mitchell,Steve_Mitchell@adkins-russell.com,19751027,98789479
49263,Craig,Hendricks,Craig_Hendricks@garcia-higgins.com,19951018,51721063
35cb1,Ricky,Kerr,Ricky_Kerr@gonzalez-martinez.com,19510625,43238807
bc804,Gloria,Aguilar,Gloria_Aguilar@dorsey-donaldson.com,19690606,69773231
53350,Alexander,Knight,Alexander_Knight@doyle.com,19741208,41639975
e0f11,Joseph,Cross,Joseph_Cross@mason-shaw.net,19530126,35750023
52e52,Dr.,Joel Myers PhD,Joel_Myers@smith-willis.net,19720920,49665991
e6f55,Michael,Mckee,Michael_Mckee@gordon.com,20000917,87409327
d718a,Roy,Park,Roy_Park@rodriguez-west.com,19551029,69451423
00701,Jonathan,Castro,Jonathan_Castro@sandoval.com,19700904,95059239
0aac2,Richard,Carroll,Richard_Carroll@massey-gardner.com,19610526,61422551
96576,Michelle,Fletcher,Michelle_Fletcher@anderson.com,19831024,15665159
3edb5,Carol,Murphy,Carol_Murphy@lowe.com,19640317,54241135
5c49e,Michael,Russell,Michael_Russell@orozco.com,19680803,24280095
a7d09,Shawna,Andrews,Shawna_Andrews@freeman.com,19981115,12022295
1d8bf,Dana,Hernandez,Dana_Hernandez@jackson.com,19940126,50236391
26c26,Lauren,Harris,Lauren_Harris@long.com,19781108,42605007
1e4d8,Sean,Morales,Sean_Morales@molina.com,20030920,50605207
ed2a4,John,Mendoza,John_Mendoza@mahoney.com,19850519,85845135
daefe,Sierra,Mcdaniel,Sierra_Mcdaniel@mata.com,20030713,77274903
375b6,Wendy,Smith,Wendy_Smith@smith-webb.com,19700128,60349279
ece5a,Leslie,Diaz,Leslie_Diaz@thomas-shelton.com,19570430,57506727
2b94e,Grant,Snyder,Grant_Snyder@gonzales.com,19731031,23872143
b651e,Brandi,Jenkins,Brandi_Jenkins@miller.com,19651228,79308567
e90ca,Amy,Haynes,Amy_Haynes@levy.com,19600314,41563455
ee0a3,John,Roberts,John_Roberts@hendricks.com,19540315,16513279
1a792,Carrie,Nelson,Carrie_Nelson@archer-murphy.com,19510906,49242255
eeff9,Jacob,Hood,Jacob_Hood@evans.com,19560802,24204143
60d42,Tracy,Charles,Tracy_Charles@rowe.com,19930811,62200511
091ef,Brandon,Johnson,Brandon_Johnson@ramirez.com,19851003,60862935
5beed,Wendy,Nelson,Wendy_Nelson@day.com,19650801,59119063
ed783,Jasmine,Ramsey,Jasmine_Ramsey@jackson.com,19500704,16447279
51d09,William,Beltran,William_Beltran@bean.com,19850313,16495975
951bf,Gerald,Stuart,Gerald_Stuart@strong.net,19950810,98421991
cbf94,Jacob,Vaughan,Jacob_Vaughan@martinez.com,19830809,69615007
6b11d,Matthew,Fuentes,Matthew_Fuentes@miranda.com,19660329,33411447
52716,April,Carpenter,April_Carpenter@page.com,19710929,97274415
24f0a,Rachel,Garcia,Rachel_Garcia@neal.com,19961021,87786127
477e9,Patrick,Madden,Patrick_Madden@sanders.com,19940111,35389647
414bc,Angela,Myers,Angela_Myers@rodriguez.com,19740126,59457063
b3b8c,Wayne,Baker,Wayne_Baker@brown.com,19671227,92067207
099de,Haley,Cox,Haley_Cox@lewis.com,19640110,27911351
7ead2,Dan,Sanders,Dan_Sanders@klein-hernandez.com,19500813,30043759
d2182,Thomas,Fisher,Thomas_Fisher@phillips.com,19850415,99090999
fc004,Taylor,Lopez,Taylor_Lopez@jones-salazar.com,19570522,17889439
fb513,Jeffrey,Macias,Jeffrey_Macias@cox.com,19900310,98485783
c4522,Brian,Drake,Brian_Drake@hurst-price.net,19621102,83466007
c0891,Timothy,Jordan,Timothy_Jordan@young.com,19991228,77411263
46924,Kathy,Leblanc,Kathy_Leblanc@warren-gray.com,19810227,69067343
b5871,William,Floyd,William_Floyd@duran.com,19720713,27758191
2f636,Angela,Hayden,Angela_Hayden@barry.net,19960623,28574351
58d99,Renee,Hodges,Renee_Hodges@hamilton.com,19871228,63899519
219e2,Samantha,Miller,Samantha_Miller@mcmahon.com,19650604,41451647
b6445,Lauren,Orozco,Lauren_Orozco@sanchez.com,20000126,71540231
9451a,April,Owen,April_Owen@sanchez.com,19670923,16552967
ae94f,Mr.,Evan Russell,Evan_Russell@ferguson.net,19590120,75209343
58b90,Brent,Castaneda,Brent_Castaneda@garcia.com,19580703,80875871
fc8cb,Gregory,Peters,Gregory_Peters@ray.net,19900209,78256247
24266,Matthew,Salazar,Matthew_Salazar@jones-jones.com,19991112,50895327
3aba2,Natasha,Martinez,Natasha_Martinez@west.com,19680418,55194439
eafef,Charles,Powell,Charles_Powell@knight.com,19970609,47215879
f07d0,Brian,Powell,Brian_Powell@hernandez.com,19591115,67153775
1d3e6,Laura,Sandoval,Laura_Sandoval@brown.com,19860913,17475623
d5279,Mr.,Charles Gonzalez,Charles_Gonzalez@navarro.com,19710404,94465511
dbd4d,Nicholas,Caldwell,Nicholas_Caldwell@hurley-bass.com,19770714,42525999
9f8fb,Brian,Wyatt,Brian_Wyatt@wright-young.com,19581112,63631399
2e63d,Ryan,Garcia,Ryan_Garcia@vazquez-wells.com,19930815,26856535
03b09,Megan,Anderson,Megan_Anderson@wilson-murillo.com,19700729,21736903
2afa8,Pamela,Hughes,Pamela_Hughes@charles-costa.com,19870613,40181295
76ce6,Tiffany,Scott,Tiffany_Scott@davis.com,19861011,76272207
245d0,Stanley,Conway,Stanley_Conway@adams.com,19850509,71853567
f992f,Yolanda,Petty,Yolanda_Petty@dunlap-brown.com,19910125,69674519
75ae5,Tara,Jones,Tara_Jones@blankenship.net,19850303,49275455
1a93f,George,Williams,George_Williams@patton.com,19810319,69991287
ca9a2,Lori,Allen,Lori_Allen@valdez-phillips.com,20020916,28175727
10015,Charles,Kelly,Charles_Kelly@dalton.com,19690104,62777351
22e7d,Jonathan,Villa,Jonathan_Villa@suarez.com,19750312,80471287
046a8,Cindy,Jackson,Cindy_Jackson@garcia-burch.com,19670727,60954247
011b6,Scott,Williams,Scott_Williams@keller-wong.com,19800308,85799255
074f8,Dylan,Hernandez,Dylan_Hernandez@singleton-johnson.com,19950103,31405951
dc700,Michelle,Garcia,Michelle_Garcia@lynch.com,19801017,52895823
d02a5,Matthew,Bailey,Matthew_Bailey@benjamin.com,19870728,39436023
9dfae,Curtis,Flynn,Curtis_Flynn@cook-drake.com,19780926,58787463
2e34a,Thomas,Perez,Thomas_Perez@greene-lopez.com,19630220,96377439
f1ee1,Sheri,Kline,Sheri_Kline@hinton.com,19940906,33546343
42f3b,Mr.,Jeff Baker,Jeff_Baker@bentley.com,19670424,57871767
d05e1,Shannon,Thomas,Shannon_Thomas@dawson-alexander.com,19680309,18892279
213e8,Jeffrey,Murray,Jeffrey_Murray@jones.net,19821221,27473887
656fd,Kristin,Wagner,Kristin_Wagner@clayton.com,19970129,66045343
232ec,Nicole,Shea,Nicole_Shea@mcclure.com,19560201,28795599
