membership_id,first_name,last_name,email,date_of_birth,mobile_no
Smith_c7677,Patty,Smith,Patty_Smith@ross.com,19750827,59428759
Wang DDS_c80e0,Sean,Wang DDS,Sean_Wang@gibson-calderon.com,19601103,25595367
Estrada_0bf5b,Richard,Estrada,Richard_Estrada@malone.com,19921015,22821527
Cline_825fb,Jackson,Cline,Jackson_Cline@hudson.net,19710121,48056519
Williams_e4ce1,Allen,Williams,Allen_Williams@sanchez.net,19970911,77991519
Flores_f6828,Eric,Flores,Eric_Flores@dillon-patterson.com,19820107,36641663
Richardson_ef158,Anna,Richardson,Anna_Richardson@perry.com,19670223,64083047
Gomez_876bf,Taylor,Gomez,Taylor_Gomez@johnston.com,19821022,24007567
Rodriguez_93ac7,Jeremy,Rodriguez,Jeremy_Rodriguez@roth.com,19780828,32567967
Garcia_26b55,April,Garcia,April_Garcia@hall.com,19871231,24650447
Garza_40199,Sharon,Garza,Sharon_Garza@duran.com,20020830,59411567
Sanchez_364a7,Lori,Sanchez,Lori_Sanchez@hardin-warner.net,19980420,76989167
Armstrong_e2fb8,Jason,Armstrong,Jason_Armstrong@curtis.com,19921116,68514503
Allison_0c21b,Jessica,Allison,Jessica_Allison@harper.com,19721030,66821135
Hall MD_5eccd,Arthur,Hall MD,Arthur_Hall@gonzalez.com,19940311,65493407
Meza_5bcfa,Sherry,Meza,Sherry_Meza@west.com,19970409,33491119
Turner_0303a,Matthew,Turner,Matthew_Turner@martinez.com,19940707,73291455
Randolph_cf878,Sophia,Randolph,Sophia_Randolph@leonard-ramirez.com,19500708,94510479
Samuel Thompson_8382b,Dr.,Samuel Thompson,Samuel_Thompson@sanchez-carroll.com,19840304,99063183
Lee_f3d6e,Zachary,Lee,Zachary_Lee@smith.com,19870407,36447751
Pittman_44c4d,Kara,Pittman,Kara_Pittman@gomez-vaughn.com,19680525,80502567
Anthony_7e815,Gabriella,Anthony,Gabriella_Anthony@castro.com,19970601,89108943
Cantrell_b19eb,Misty,Cantrell,Misty_Cantrell@flores-decker.com,19570303,79619831
Guerrero_f1280,Kelly,Guerrero,Kelly_Guerrero@riggs.com,19970302,53052583
Nichols_9226a,David,Nichols,David_Nichols@rocha.com,19620819,62269575
Galloway_1a4d2,Shawn,Galloway,Shawn_Galloway@johnston.com,19850419,17471367
Sanford_44e44,Dennis,Sanford,Dennis_Sanford@lopez-archer.com,19800608,88084407
Murphy_0851c,Amanda,Murphy,Amanda_Murphy@bright-gibbs.net,20000730,30501351
Martin_35f44,Bobby,Martin,Bobby_Martin@jackson.com,20000331,43871143
Bishop_e36fa,Vernon,Bishop,Vernon_Bishop@clark-larson.com,19731007,78396487
Meyers_2871d,Phillip,Meyers,Phillip_Meyers@mcneil-williams.com,19601022,95409119
Martin_6f48d,Robert,Martin,Robert_Martin@crawford.com,19500718,78547615
Taylor_4fbc5,William,Taylor,William_Taylor@warner-morgan.net,19860131,42996791
Brady_bd431,Michael,Brady,Michael_Brady@wells-sanders.com,19500323,65342263
Rhodes_df266,James,Rhodes,James_Rhodes@green.com,19771010,27465295
Ramirez_5ff32,Ryan,Ramirez,Ryan_Ramirez@pham.com,19850425,67907071
Thompson_1eb98,Stephen,Thompson,Stephen_Thompson@hess.com,19511211,75033031
Williams_3b0d4,Susan,Williams,Susan_Williams@rowland.com,19761205,95688383
Johnson_b8d3f,Dylan,Johnson,Dylan_Johnson@montgomery.com,19960701,52048815
King_01148,Pamela,King,Pamela_King@soto.net,19930929,72515095
Smith_634dd,Robert,Smith,Robert_Smith@joyce.com,19870424,76366335
Gonzalez_31e9a,Samantha,Gonzalez,Samantha_Gonzalez@rios-fletcher.com,19980829,40456647
Walker_ba5b7,Jeffery,Walker,Jeffery_Walker@watson.com,19560624,46574799
Alvarez_7bc5d,Todd,Alvarez,Todd_Alvarez@vaughn.com,19741125,42011263
Willis_297f6,Brett,Willis,Brett_Willis@gibbs.com,19610809,86342007
Wilkins_b8306,Kristin,Wilkins,Kristin_Wilkins@harvey.com,20021105,84393855
Lynch_49515,Joshua,Lynch,Joshua_Lynch@daniels.com,19650526,71572839
Williams_e69d3,Deborah,Williams,Deborah_Williams@howard.com,19841121,11357647
Martin_6cf84,Timothy,Martin,Timothy_Martin@camacho-sparks.net,20030501,92008191
Bright_776f9,Sarah,Bright,Sarah_Bright@winters.com,19981115,24327743
