membership_id,first_name,last_name,email,date_of_birth,mobile_no
Smith_c7677,Patty,Smith,Patty_Smith@ross.com,19750827,59428759
Wang DDS_c80e0,Sean,Wang DDS,Sean_Wang@gibson-calderon.com,19601103,25595367
Estrada_0bf5b,Richard,Estrada,Richard_Estrada@malone.com,19921015,22821527
Cline_825fb,Jackson,Cline,Jackson_Cline@hudson.net,19710121,48056519
Williams_e4ce1,Allen,Williams,Allen_Williams@sanchez.net,19970911,77991519
Flores_f6828,Eric,Flores,Eric_Flores@dillon-patterson.com,19820107,36641663
Richardson_ef158,Anna,Richardson,Anna_Richardson@perry.com,19670223,64083047
Gomez_876bf,Taylor,Gomez,Taylor_Gomez@johnston.com,19821022,24007567
Rodriguez_93ac7,Jeremy,Rodriguez,Jeremy_Rodriguez@roth.com,19780828,32567967
Garcia_26b55,April,Garcia,April_Garcia@hall.com,19871231,24650447
Garza_40199,Sharon,Garza,Sharon_Garza@duran.com,20020830,59411567
Sanchez_364a7,Lori,Sanchez,Lori_Sanchez@hardin-warner.net,19980420,76989167
Armstrong_e2fb8,Jason,Armstrong,Jason_Armstrong@curtis.com,19921116,68514503
Allison_0c21b,Jessica,Allison,Jessica_Allison@harper.com,19721030,66821135
Hall MD_5eccd,Arthur,Hall MD,Arthur_Hall@gonzalez.com,19940311,65493407
Meza_5bcfa,Sherry,Meza,Sherry_Meza@west.com,19970409,33491119
Turner_0303a,Matthew,Turner,Matthew_Turner@martinez.com,19940707,73291455
Randolph_cf878,Sophia,Randolph,Sophia_Randolph@leonard-ramirez.com,19500708,94510479
Samuel Thompson_8382b,Dr.,Samuel Thompson,Samuel_Thompson@sanchez-carroll.com,19840304,99063183
Lee_f3d6e,Zachary,Lee,Zachary_Lee@smith.com,19870407,36447751
Pittman_44c4d,Kara,Pittman,Kara_Pittman@gomez-vaughn.com,19680525,80502567
Anthony_7e815,Gabriella,Anthony,Gabriella_Anthony@castro.com,19970601,89108943
Cantrell_b19eb,Misty,Cantrell,Misty_Cantrell@flores-decker.com,19570303,79619831
Guerrero_f1280,Kelly,Guerrero,Kelly_Guerrero@riggs.com,19970302,53052583
Nichols_9226a,David,Nichols,David_Nichols@rocha.com,19620819,62269575
Galloway_1a4d2,Shawn,Galloway,Shawn_Galloway@johnston.com,19850419,17471367
Sanford_44e44,Dennis,Sanford,Dennis_Sanford@lopez-archer.com,19800608,88084407
Murphy_0851c,Amanda,Murphy,Amanda_Murphy@bright-gibbs.net,20000730,30501351
Martin_35f44,Bobby,Martin,Bobby_Martin@jackson.com,20000331,43871143
Bishop_e36fa,Vernon,Bishop,Vernon_Bishop@clark-larson.com,19731007,78396487
Meyers_2871d,Phillip,Meyers,Phillip_Meyers@mcneil-williams.com,19601022,95409119
Martin_6f48d,Robert,Martin,Robert_Martin@crawford.com,19500718,78547615
Taylor_4fbc5,William,Taylor,William_Taylor@warner-morgan.net,19860131,42996791
Brady_bd431,Michael,Brady,Michael_Brady@wells-sanders.com,19500323,65342263
Rhodes_df266,James,Rhodes,James_Rhodes@green.com,19771010,27465295
Ramirez_5ff32,Ryan,Ramirez,Ryan_Ramirez@pham.com,19850425,67907071
Thompson_1eb98,Stephen,Thompson,Stephen_Thompson@hess.com,19511211,75033031
Williams_3b0d4,Susan,Williams,Susan_Williams@rowland.com,19761205,95688383
Johnson_b8d3f,Dylan,Johnson,Dylan_Johnson@montgomery.com,19960701,52048815
King_01148,Pamela,King,Pamela_King@soto.net,19930929,72515095
Smith_634dd,Robert,Smith,Robert_Smith@joyce.com,19870424,76366335
Gonzalez_31e9a,Samantha,Gonzalez,Samantha_Gonzalez@rios-fletcher.com,19980829,40456647
Walker_ba5b7,Jeffery,Walker,Jeffery_Walker@watson.com,19560624,46574799
Alvarez_7bc5d,Todd,Alvarez,Todd_Alvarez@vaughn.com,19741125,42011263
Willis_297f6,Brett,Willis,Brett_Willis@gibbs.com,19610809,86342007
Wilkins_b8306,Kristin,Wilkins,Kristin_Wilkins@harvey.com,20021105,84393855
Lynch_49515,Joshua,Lynch,Joshua_Lynch@daniels.com,19650526,71572839
Williams_e69d3,Deborah,Williams,Deborah_Williams@howard.com,19841121,11357647
Martin_6cf84,Timothy,Martin,Timothy_Martin@camacho-sparks.net,20030501,92008191
Bright_776f9,Sarah,Bright,Sarah_Bright@winters.com,19981115,24327743
Anderson_48071,Rebecca,Anderson,Rebecca_Anderson@carter-ramirez.com,19730827,27023231
Frost_5ba4a,Roger,Frost,Roger_Frost@cole-robinson.com,19700217,94120431
Dunn_84e93,Eric,Dunn,Eric_Dunn@reese.com,19601207,13714207
Pierce_1096d,Heather,Pierce,Heather_Pierce@williams-edwards.com,19570813,32413999
Erickson_d5457,Jordan,Erickson,Jordan_Erickson@martinez.com,19750208,64756655
Ali_f596a,Susan,Ali,Susan_Ali@leach.com,19990501,74229143
Wilson_2b41e,Richard,Wilson,Richard_Wilson@hernandez.com,19990307,36349175
Butler_a60e8,Jon,Butler,Jon_Butler@blackwell.com,19870318,78121695
Phillips_01acd,Paul,Phillips,Paul_Phillips@vance.com,19970216,11213063
Parker_5ebc0,Adam,Parker,Adam_Parker@yoder.com,19980722,27783391
Walker_31a14,Cory,Walker,Cory_Walker@torres.net,19620812,37614935
Sanchez_cf3c9,Jeffrey,Sanchez,Jeffrey_Sanchez@jones-butler.com,19950914,73226919
Martin_5d6f3,Bianca,Martin,Bianca_Martin@mitchell.com,19780502,86924127
King_2f8a4,Jeffrey,King,Jeffrey_King@hicks-boyd.com,19770623,68622991
Wiggins_c46e0,Melanie,Wiggins,Melanie_Wiggins@mcdonald-rice.com,20000214,91699615
Daniel Smith_c3ee1,Mr.,Daniel Smith,Daniel_Smith@cummings.com,19860803,26613823
Lawrence_c5866,Scott,Lawrence,Scott_Lawrence@aguilar.com,19760401,59217375
Sosa_84005,James,Sosa,James_Sosa@robles-hawkins.com,19570811,47053447
Jackson_b5943,Jamie,Jackson,Jamie_Jackson@carr.com,19770526,71512687
Hatfield_bf691,Jeffrey,Hatfield,Jeffrey_Hatfield@morgan-erickson.com,19701014,69441735
Phillips_c68d2,James,Phillips,James_Phillips@green-taylor.com,19611019,89808183
Moore_555b6,Jessica,Moore,Jessica_Moore@harrison-bautista.com,19990905,27155335
Anderson_0f1ea,Richard,Anderson,Richard_Anderson@peck-franklin.com,19700504,24730327
Hahn_38908,Lauren,Hahn,Lauren_Hahn@simmons.com,19720620,15132727
Edwards_96edd,Faith,Edwards,Faith_Edwards@price.net,19770726,44653063
Vargas_b176f,Laura,Vargas,Laura_Vargas@gallagher-young.com,19770910,40816943
Lewis_f236b,Sarah,Lewis,Sarah_Lewis@wyatt.com,19810225,37945839
Huff_88806,Brad,Huff,Brad_Huff@moore.com,19611227,28207575
Richardson_e102e,Alexander,Richardson,Alexander_Richardson@perez.com,19581025,34675335
Moore_4788f,Matthew,Moore,Matthew_Moore@nichols.com,20030707,66391671
Howard_99bdb,Joseph,Howard,Joseph_Howard@williams.com,19520726,46746383
Richards_e1b0f,Anne,Richards,Anne_Richards@mccarthy.com,19690609,84963423
Thomas_a6b2a,Derek,Thomas,Derek_Thomas@green.com,19640724,37329863
Bonilla_051c7,Joseph,Bonilla,Joseph_Bonilla@freeman.com,19740805,66912183
Barber_88c3c,Gary,Barber,Gary_Barber@roberts.net,19551211,44790343
Johnson_01409,Brian,Johnson,Brian_Johnson@carr.com,19810617,76631695
Peterson_d3043,Christine,Peterson,Christine_Peterson@hamilton.com,19741119,57627175
Bautista_06ca7,Christopher,Bautista,Christopher_Bautista@rodgers.com,19940212,48834663
Krueger_f41b0,Barbara,Krueger,Barbara_Krueger@strong.com,19520322,30905343
Oconnor_5d9be,Monica,Oconnor,Monica_Oconnor@gordon.com,19800107,97887295
Johnson_317e0,Peggy,Johnson,Peggy_Johnson@berg.com,19720328,34795631
Herrera_2275e,Susan,Herrera,Susan_Herrera@gomez.com,19550826,24027735
Matthews_33105,Andrew,Matthews,Andrew_Matthews@ramos-vaughn.com,19880219,90821359
Kennedy_605fb,Erin,Kennedy,Erin_Kennedy@hendricks-mason.com,19650901,35865639
Lopez_ad64b,Jason,Lopez,Jason_Lopez@wood-hill.com,19740830,11287127
Clark_850e2,Jerry,Clark,Jerry_Clark@perez.com,19950928,46859655
Kim_61638,Alyssa,Kim,Alyssa_Kim@beck-zuniga.com,19901108,59732335
Williams_225d6,Courtney,Williams,Courtney_Williams@garner.com,19990919,27598999
Nelson_49b51,Matthew,Nelson,Matthew_Nelson@hunt.com,19580127,45515247
Moore_bd6b1,Robert,Moore,Robert_Moore@young.com,19550415,19512199
Mcgee_84007,Nicole,Mcgee,Nicole_Mcgee@reyes.com,19590303,34539135
Hunter_bf592,Danielle,Hunter,Danielle_Hunter@ballard.com,19711108,99947039
Perez_016c7,Kelly,Perez,Kelly_Perez@ward-wilson.com,19600519,60614735
Odom_e8796,Mary,Odom,Mary_Odom@morgan-reynolds.com,19630813,98738367
Gibson II_7ade8,Arthur,Gibson II,Arthur_Gibson@thompson-thompson.com,19610306,75411807
Miller_5a80b,Christopher,Miller,Christopher_Miller@kelly.com,19850131,16222031
Hopkins_7c2f6,Amber,Hopkins,Amber_Hopkins@hall.com,19750831,15289039
Garcia_33656,Nancy,Garcia,Nancy_Garcia@lewis-hayden.com,19680503,62971303
Rhodes_a5121,Alex,Rhodes,Alex_Rhodes@russell.net,19780913,75808519
Bennett_1ed65,Daniel,Bennett,Daniel_Bennett@stephens-oneill.com,19730228,20776023
Woodard_a0e70,Kevin,Woodard,Kevin_Woodard@lynch.com,19550908,30319911
Peterson_9e709,Alan,Peterson,Alan_Peterson@burch.com,19760129,88993663
Grant_3d9bf,Jacob,Grant,Jacob_Grant@cummings.com,19910412,94196575
Johnson_aa25e,Gabrielle,Johnson,Gabrielle_Johnson@serrano.com,19580610,35424207
Morales_0598c,Caleb,Morales,Caleb_Morales@collins.com,19660329,69459679
Dominguez_7d290,James,Dominguez,James_Dominguez@black.com,19880512,49527207
Cardenas_c6838,Kathryn,Cardenas,Kathryn_Cardenas@skinner.com,19830805,81016239
Santiago_5cbec,Jeffrey,Santiago,Jeffrey_Santiago@duncan.com,19750228,93827623
Mclaughlin_b2423,Andrew,Mclaughlin,Andrew_Mclaughlin@fitzpatrick-lucas.com,19730514,66417719
Bryan Porter_e9e42,Mr.,Bryan Porter,Bryan_Porter@elliott.com,19570214,88089671
Smith_750a9,Brendan,Smith,Brendan_Smith@williams.com,19580516,67839775
Hernandez_f3251,Jeffrey,Hernandez,Jeffrey_Hernandez@mcdaniel.com,19891231,76263607
Miller_375ad,Michael,Miller,Michael_Miller@taylor-moore.com,19640520,17581687
Newman_069d1,Theresa,Newman,Theresa_Newman@perry-scott.com,19941129,36575799
Romero_19da2,Paul,Romero,Paul_Romero@middleton-jones.com,19600710,98843943
Choi MD_e37de,Janet,Choi MD,Janet_Choi@neal.com,19860718,66675695
Bender_213aa,Mark,Bender,Mark_Bender@oneal-wilkins.com,19691109,27354911
Brown_7bef7,Abigail,Brown,Abigail_Brown@jones-underwood.com,19800810,15726143
Dominguez_821d7,Antonio,Dominguez,Antonio_Dominguez@nichols.com,19801115,75861007
Morris_4cc03,Tony,Morris,Tony_Morris@davis.com,19700508,33280551
Carlson_d8db2,Randy,Carlson,Randy_Carlson@rivera.com,19550530,51211679
Pierce_7e42c,Mitchell,Pierce,Mitchell_Pierce@houston-conway.net,20010824,96845551
West_0afba,Angela,West,Angela_West@anderson-fitzgerald.com,19810427,59397207
Peters_4b936,Kevin,Peters,Kevin_Peters@edwards.com,19670602,28855487
Conway_b14b9,Benjamin,Conway,Benjamin_Conway@burton-paul.com,19551228,23338319
Stewart_c3765,Andrew,Stewart,Andrew_Stewart@wong.com,19511202,19799879
Jones_2552b,Brenda,Jones,Brenda_Jones@lang.com,19550408,62608823
Bailey_5c8a5,Elizabeth,Bailey,Elizabeth_Bailey@stephenson-arnold.com,19630101,20218071
Levy_1b739,Kelly,Levy,Kelly_Levy@barajas.com,19940805,74468255
Burton_e624b,Thomas,Burton,Thomas_Burton@dunn-avery.net,19750419,14613071
Peterson_c41f4,Paul,Peterson,Paul_Peterson@bullock.com,20021225,59148863
Reilly_1c829,Michael,Reilly,Michael_Reilly@cooper.net,19720514,33876967
Martinez_d6f6b,Alejandra,Martinez,Alejandra_Martinez@jones.com,19791221,87381327
Sanders_2f7e1,Timothy,Sanders,Timothy_Sanders@harrell.com,19520310,63453583
Little_9b0c8,Latoya,Little,Latoya_Little@martinez.com,19780708,43404335
Harvey_119d2,Sarah,Harvey,Sarah_Harvey@martin-smith.com,19600331,58520471
Ortiz_84be0,Melissa,Ortiz,Melissa_Ortiz@lee-malone.com,19580729,49637727
Hernandez_bcb5b,Brooke,Hernandez,Brooke_Hernandez@benitez.com,19911114,97309975
Livingston_19295,Lisa,Livingston,Lisa_Livingston@glover.com,19500423,20519415
Mason_6bc9b,Eugene,Mason,Eugene_Mason@gardner.com,19781213,47810855
Cunningham_12799,Daniel,Cunningham,Daniel_Cunningham@cooper.com,19730326,78657983
Smith_64fde,Alex,Smith,Alex_Smith@johnson.com,20020305,58965703
Vargas_ed53f,Jessica,Vargas,Jessica_Vargas@miller-price.net,19810517,48925903
Clark_e0b48,Olivia,Clark,Olivia_Clark@wade-roberson.com,19740110,67793735
Carney_0d73a,Cathy,Carney,Cathy_Carney@williams.net,19970522,31104151
Baldwin_b3439,Haley,Baldwin,Haley_Baldwin@bush-wolfe.com,19650413,31940631
Wilson_51998,Alexander,Wilson,Alexander_Wilson@barron-garcia.com,19881111,13893319
Cole_2b0a2,April,Cole,April_Cole@vargas.com,19610622,65186503
Riley_3e1f8,Holly,Riley,Holly_Riley@stokes.com,19740728,55620431
Poole_a4a9a,Jeffrey,Poole,Jeffrey_Poole@cross.com,19570402,82077439
Poole_46b07,Rachel,Poole,Rachel_Poole@jones.net,19760807,35095087
Ward_57d0c,Sheena,Ward,Sheena_Ward@wilson-mcbride.com,19730926,96834175
Smith_8477e,Cynthia,Smith,Cynthia_Smith@smith.com,19510509,48760255
Clayton_6ad7d,Kevin,Clayton,Kevin_Clayton@miller.com,19750807,25081071
Coleman_db259,Sarah,Coleman,Sarah_Coleman@novak.com,19500119,37411775
Becker_dd317,Cody,Becker,Cody_Becker@hansen.com,19601216,76003567
Molly Miller_d8bf5,Miss,Molly Miller,Molly_Miller@king-kelly.net,19770511,99947663
Bailey_fac5d,Craig,Bailey,Craig_Bailey@hancock-brown.com,19970713,33032303
Gray_00c0a,Patricia,Gray,Patricia_Gray@dawson.com,19660319,18281751
Rivera DVM_6a7ce,Robert,Rivera DVM,Robert_Rivera@gibson.com,19500722,35020847
Michelle Lewis_afe1c,Miss,Michelle Lewis,Michelle_Lewis@wiggins-thornton.com,19830121,64700455
Owens_4cd37,John,Owens,John_Owens@callahan.com,19670424,71230983
Smith_2c851,Sarah,Smith,Sarah_Smith@kirk.com,19680408,22702359
Lucas_b2c40,Nancy,Lucas,Nancy_Lucas@aguilar.com,19830607,91477863
Murray_a46c7,Christina,Murray,Christina_Murray@collins-day.com,19791217,35027583
Berry_52a6d,Emma,Berry,Emma_Berry@charles.com,19940701,34612959
Gross_2742d,Christopher,Gross,Christopher_Gross@grimes.net,20031114,49217831
Hawkins_c7026,Jason,Hawkins,Jason_Hawkins@adams-hunter.com,19540110,31750255
Rodriguez_84bf3,Jeffrey,Rodriguez,Jeffrey_Rodriguez@johnson-white.com,19690718,29947599
Miller_84bb3,Christina,Miller,Christina_Miller@marshall-lucas.com,19530425,92153503
Miller_208dd,Maria,Miller,Maria_Miller@roberts.com,19941221,86317751
Davis_3a81f,Eileen,Davis,Eileen_Davis@knox.com,19520404,19544735
Miller_4e2a7,Harry,Miller,Harry_Miller@warner-jackson.com,19890613,63478047
Montes_29eaa,Ellen,Montes,Ellen_Montes@sellers.com,19610714,16519759
Mclean_0a9b5,Gregory,Mclean,Gregory_Mclean@valencia.com,19610108,38860951
Spencer_95979,Angela,Spencer,Angela_Spencer@lopez.com,19980205,18410783
Price_35238,Christina,Price,Christina_Price@kennedy-tran.com,19860805,65381695
Randall_8b2e2,Amber,Randall,Amber_Randall@boyd-freeman.net,19521009,60506343
Morris_f9657,Matthew,Morris,Matthew_Morris@boyle-novak.com,19981111,49822607
Blackburn_4d382,Cindy,Blackburn,Cindy_Blackburn@bolton.net,20000810,86098071
Jacobson_6f0a4,Matthew,Jacobson,Matthew_Jacobson@bishop-thomas.com,19511204,99110191
Jones_c6f5d,Stacy,Jones,Stacy_Jones@perez.com,19940909,71998399
Zimmerman_881d6,Scott,Zimmerman,Scott_Zimmerman@fischer.com,19560130,70071511
Silva_80f7f,Dakota,Silva,Dakota_Silva@barker-miller.com,19791007,41853599
Spencer MD_d5b01,Jacob,Spencer MD,Jacob_Spencer@jefferson.net,19620226,41992359
Oliver_94edc,Matthew,Oliver,Matthew_Oliver@mitchell.com,19720423,14016935
Maddox_6974f,Roger,Maddox,Roger_Maddox@richards.com,19810426,86988519
Gutierrez_c61e8,Bryan,Gutierrez,Bryan_Gutierrez@short-huerta.net,19881118,84795039
Schultz_5fff4,Peter,Schultz,Peter_Schultz@shah.com,19570829,78301895
Burke_ea689,Justin,Burke,Justin_Burke@johnson.com,19961202,43401655
Ramsey_4c3e8,Sarah,Ramsey,Sarah_Ramsey@hayes.com,19640622,63376279
Chang_62c2d,Michael,Chang,Michael_Chang@watkins.com,19900902,99632783
Hughes_bf91b,Pamela,Hughes,Pamela_Hughes@rivas-garza.com,19570116,32117783
Morris_25892,Jimmy,Morris,Jimmy_Morris@hall-watkins.com,19640120,31836895
Romero_e5750,Lauren,Romero,Lauren_Romero@davis.com,20020425,50100783
Jones_f63ae,Adam,Jones,Adam_Jones@kline-reeves.com,19570701,83246639
Murphy_5dc4e,Matthew,Murphy,Matthew_Murphy@graham.com,19600216,18189831
Arroyo_a6982,Jessica,Arroyo,Jessica_Arroyo@flores-evans.com,20021019,24971015
Zuniga_a2d94,Caleb,Zuniga,Caleb_Zuniga@stone.net,19681028,36180711
Moreno_f4e59,Cheyenne,Moreno,Cheyenne_Moreno@hampton.com,19601209,61341887
Lopez_7fa5b,Courtney,Lopez,Courtney_Lopez@sanders.com,19711008,35323391
Williamson_b834c,Kenneth,Williamson,Kenneth_Williamson@perez.com,19541003,36169599
Browning_1f631,Bruce,Browning,Bruce_Browning@robertson-baldwin.com,19631113,22984503
Gilbert_cba39,Shannon,Gilbert,Shannon_Gilbert@brown-schaefer.com,19920613,34472903
Brown_cde99,Amanda,Brown,Amanda_Brown@williams.com,19541218,52400391
Gomez_67c3c,Riley,Gomez,Riley_Gomez@hoffman.com,19811102,20838807
Price_168bd,Shelby,Price,Shelby_Price@fuller.net,19860708,74350543
Harris_fc222,Scott,Harris,Scott_Harris@mullins.com,19901214,36307567
Franklin_f8d94,Bonnie,Franklin,Bonnie_Franklin@gillespie.com,19880714,22008807
Morris_b3c8b,Ashley,Morris,Ashley_Morris@marshall.net,20020110,13085855
Jensen_676e2,Jack,Jensen,Jack_Jensen@kent-williamson.net,19601229,93571087
Armstrong_f79a4,Daniel,Armstrong,Daniel_Armstrong@brown.com,19820714,18991247
Donovan_6c619,Susan,Donovan,Susan_Donovan@jordan-anderson.com,19690130,85222335
Powell_4f74d,Michael,Powell,Michael_Powell@mccall.com,19941127,63894311
Lowe_9b0dc,Alexander,Lowe,Alexander_Lowe@morris.com,19610805,93074023
Wilson_6845c,Aaron,Wilson,Aaron_Wilson@burke-benton.net,19870517,75053391
Lee_0e572,Samuel,Lee,Samuel_Lee@gardner-rodriguez.net,19740209,57636831
Weaver_feb81,Jennifer,Weaver,Jennifer_Weaver@patterson.com,19781015,74152151
Hamilton_f2276,Leonard,Hamilton,Leonard_Hamilton@brown.com,19880229,76082775
Phillips_608c9,Kathy,Phillips,Kathy_Phillips@floyd.com,19841216,57829247
Jimenez_5ed59,Jennifer,Jimenez,Jennifer_Jimenez@morgan.com,19921121,59592559
Lawson_c755d,Victoria,Lawson,Victoria_Lawson@snyder.com,19541204,24045823
Martinez_f7c36,Michael,Martinez,Michael_Martinez@hogan.net,19520711,40271975
Paul Jones_f903f,Dr.,Paul Jones,Paul_Jones@clark-irwin.com,19940215,91301999
Tran_40aaa,Danielle,Tran,Danielle_Tran@mann.com,19880826,85246679
Freeman_35a3d,Jeff,Freeman,Jeff_Freeman@guzman.com,20030520,13590655
Jones_986c3,Marissa,Jones,Marissa_Jones@lewis.net,19580608,32094119
Roy_d0fea,Elijah,Roy,Elijah_Roy@jones-baldwin.com,19870507,57159015
Simpson_d0126,Courtney,Simpson,Courtney_Simpson@preston-cantrell.com,19730311,77314887
Hopkins_56d12,Kimberly,Hopkins,Kimberly_Hopkins@adams.com,19931022,67364511
King_4ae33,William,King,William_King@cline-allen.com,19841115,21561215
Robertson_c09d4,Stephanie,Robertson,Stephanie_Robertson@owen-rodriguez.com,20020805,75259367
Hill_bd6cc,Rickey,Hill,Rickey_Hill@parker-cohen.com,19640430,56465207
Stewart_40f40,Erika,Stewart,Erika_Stewart@solis.com,19851226,83552695
Johnson_5dcd5,Christina,Johnson,Christina_Johnson@clark.com,20010622,30262983
Wells_5f511,Kelli,Wells,Kelli_Wells@jones.com,19540803,27406215
Archer_c6232,Nathan,Archer,Nathan_Archer@gray.com,19560723,72954367
Kline_6fe75,Michael,Kline,Michael_Kline@phelps-alvarez.com,19650623,20968343
Rodriguez_1eec6,Joshua,Rodriguez,Joshua_Rodriguez@thornton-benitez.com,19530317,27953967
Rodriguez_a7ea3,James,Rodriguez,James_Rodriguez@logan.com,19810717,50981423
Ortega_7f647,Robert,Ortega,Robert_Ortega@perez.com,19600316,57040695
Ruiz_8ac44,Teresa,Ruiz,Teresa_Ruiz@holmes.com,19510409,22432447
Mejia_10b0a,Madison,Mejia,Madison_Mejia@sims.com,19530323,73824679
Bailey_b3b3b,James,Bailey,James_Bailey@flynn.net,19861007,26146743
Perry_e8625,Mary,Perry,Mary_Perry@williams.net,19730808,57879711
Jones_85733,Crystal,Jones,Crystal_Jones@webb.com,19620914,39588047
Brown_0522f,Aaron,Brown,Aaron_Brown@yates.com,19860205,43815191
Barajas_c09f8,Tanya,Barajas,Tanya_Barajas@davis.com,19740430,92793871
Rasmussen_0fcc4,Samantha,Rasmussen,Samantha_Rasmussen@stokes-leon.com,19940621,26634223
Martin_92713,Vincent,Martin,Vincent_Martin@wright-lee.com,19840124,55457087
Crawford_a2a35,Tony,Crawford,Tony_Crawford@moore.com,19870818,15997263
Sullivan_7d828,Randy,Sullivan,Randy_Sullivan@perez.net,19611025,15665967
Thompson_77cc8,Kimberly,Thompson,Kimberly_Thompson@brewer-walters.net,20001211,88531623
Compton_7eba8,Martin,Compton,Martin_Compton@morgan.com,19840206,42037887
Brown_8baf8,Tracy,Brown,Tracy_Brown@joyce.com,19720823,26044711
Preston_d0922,Leslie,Preston,Leslie_Preston@johns.com,19720510,71892959
Parker_311d6,Jay,Parker,Jay_Parker@fowler.net,19930930,57583783
Williams_6c6eb,Lance,Williams,Lance_Williams@williams.net,19730708,19310567
Allen_b02ca,Kathleen,Allen,Kathleen_Allen@cook.com,19860113,38829559
Lamb_5c0e7,Marie,Lamb,Marie_Lamb@hampton.com,19791004,26841263
Flores_a43fb,Nathan,Flores,Nathan_Flores@gibbs.net,19790409,86883135
Caldwell_2d372,Ashley,Caldwell,Ashley_Caldwell@mason-bryant.com,19880309,13420663
Martin_caab2,Renee,Martin,Renee_Martin@crawford-walker.com,19810421,55803823
Parker_0793e,Keith,Parker,Keith_Parker@moore.com,19640826,40120471
Levy_bef91,Melissa,Levy,Melissa_Levy@arroyo.com,19500330,51842935
Powell_fe4b6,Brandon,Powell,Brandon_Powell@craig-gonzales.net,19760606,43375815
Stone_23958,Kimberly,Stone,Kimberly_Stone@murphy-bryant.com,19941205,25323999
Jones_575ba,Adam,Jones,Adam_Jones@ashley.com,19730316,55082935
Andersen_61066,Elizabeth,Andersen,Elizabeth_Andersen@baker.com,19740123,69096535
Lutz_3427f,Destiny,Lutz,Destiny_Lutz@thompson-wright.com,19940412,87853607
Allen_54dd1,Brandy,Allen,Brandy_Allen@hardy-griffin.com,19810113,92130799
Decker_8b48e,Stephanie,Decker,Stephanie_Decker@barrett.net,19770509,92626639
Keller_80065,Michelle,Keller,Michelle_Keller@johnson.com,19510607,56139711
Yates_0613f,Stacey,Yates,Stacey_Yates@lewis.com,19921208,30115967
Lee_f9df7,Sue,Lee,Sue_Lee@rojas.com,19860829,97367575
Long_850ab,Anna,Long,Anna_Long@coleman.com,19740316,52566967
Watson_6dc0c,Annette,Watson,Annette_Watson@brown-brennan.com,19580423,67851175
Thomas_12f3a,James,Thomas,James_Thomas@torres.net,19520905,58718239
Olson_50aa7,Kelli,Olson,Kelli_Olson@campbell.net,19960723,50265023
Reid_1bdd4,Becky,Reid,Becky_Reid@vargas.net,19751027,37025287
Shaw_afe1c,Wesley,Shaw,Wesley_Shaw@henderson-gibson.com,19830121,76819471
Boyd_94bd7,Pamela,Boyd,Pamela_Boyd@freeman.com,19680628,25030751
Lewis_58ed0,Jeremy,Lewis,Jeremy_Lewis@murray.com,19530701,44159519
Garza_a7ba7,Jennifer,Garza,Jennifer_Garza@herrera-klein.com,19890306,31999455
Perry_b530f,Joseph,Perry,Joseph_Perry@tucker.com,19510616,16254071
Herman_0ab62,Heather,Herman,Heather_Herman@williams-lindsey.com,19710606,97877423
Lopez_ea347,Laura,Lopez,Laura_Lopez@rodriguez.com,19901221,72627367
Barnes_f462c,Reginald,Barnes,Reginald_Barnes@walker-robinson.com,19730214,19884399
Weaver_201e1,Robert,Weaver,Robert_Weaver@young-leonard.com,19820218,39131199
Martinez_204f4,Beth,Martinez,Beth_Martinez@johnson.com,19681225,87909191
Ware_b7eab,Spencer,Ware,Spencer_Ware@montgomery-lane.com,19800910,74599951
Erickson_7ecf6,Willie,Erickson,Willie_Erickson@bartlett.com,19911001,53673855
Nguyen_2f0a2,Daniel,Nguyen,Daniel_Nguyen@mccall.com,19590309,37673823
Martinez_7564a,Leonard,Martinez,Leonard_Martinez@mcbride.com,19560922,14452319
Stephens_5a6e3,Robert,Stephens,Robert_Stephens@lopez.com,20000619,92784815
Chen_7d3b1,Daniel,Chen,Daniel_Chen@little.com,19520716,46750383
Dalton_32ce4,Samuel,Dalton,Samuel_Dalton@marquez.com,19960916,75194711
Bennett_3b82f,Heather,Bennett,Heather_Bennett@hamilton-blair.com,20020501,64795847
King_89592,Joshua,King,Joshua_King@hale.net,20000106,99342223
Blake_e7660,Crystal,Blake,Crystal_Blake@parker.com,19701117,97878511
Evans_62a52,Amanda,Evans,Amanda_Evans@cox.com,19590224,92559519
Day_69b70,Sergio,Day,Sergio_Day@guzman-garrett.com,19510531,27091295
Boyd_e1b0f,Julie,Boyd,Julie_Boyd@white-george.com,19690609,47949079
Watkins_4b1ea,Logan,Watkins,Logan_Watkins@hernandez.com,20001105,87081215
Ortiz_c84c2,Steven,Ortiz,Steven_Ortiz@hamilton.com,19670605,15073183
Marquez_7aa36,Lisa,Marquez,Lisa_Marquez@day-smith.com,19710326,18443671
Martin_82381,Jennifer,Martin,Jennifer_Martin@moore.com,19830527,83212175
Chandler_acc13,Arthur,Chandler,Arthur_Chandler@martin.com,19611002,18438007
Hudson_01af1,Ronald,Hudson,Ronald_Hudson@carson.com,19511003,66192423
Lee_d7999,Jennifer,Lee,Jennifer_Lee@guerra-lopez.com,19500104,35305031
Yoder_70108,Gregory,Yoder,Gregory_Yoder@robinson-johnson.com,19530620,75705319
Harmon_69598,Carolyn,Harmon,Carolyn_Harmon@watts-horn.com,19980124,55977599
Christopher Harrell_7257b,Dr.,Christopher Harrell,Christopher_Harrell@lindsey.com,19700630,52999479
Johnson_3549e,Kevin,Johnson,Kevin_Johnson@rogers.com,19930208,15154639
Harrison_087c8,Michael,Harrison,Michael_Harrison@franklin.com,19510819,29087871
Moore_c62aa,Terry,Moore,Terry_Moore@barker-ayers.com,19870615,19828167
Rogers_c68d9,James,Rogers,James_Rogers@green.net,19930407,65821255
Tran_bd397,Kathleen,Tran,Kathleen_Tran@wilson.net,19741102,20044927
Conway_ae427,Jacqueline,Conway,Jacqueline_Conway@robinson-carson.com,19710617,91842383
Cole_51334,Maxwell,Cole,Maxwell_Cole@larson.com,19510302,41796463
Williamson_b834c,Bethany,Williamson,Bethany_Williamson@flores.com,19541003,40227935
Wright_f1b73,Joseph,Wright,Joseph_Wright@powell.net,19570521,40768583
Bolton_06e0a,Heidi,Bolton,Heidi_Bolton@spencer.com,19560616,58079023
Lewis_9ee6e,Daniel,Lewis,Daniel_Lewis@robertson.com,19770502,48084439
Ramirez_63293,Dale,Ramirez,Dale_Ramirez@patton.com,19550323,59875791
Sharp_7f0b3,Carol,Sharp,Carol_Sharp@garcia-lamb.com,19750312,18014567
Buck_0bafd,Joseph,Buck,Joseph_Buck@jacobs.com,19521103,34270063
Anderson_542fb,Lynn,Anderson,Lynn_Anderson@williams-carter.com,19960113,75488911
Harris_526ca,Sarah,Harris,Sarah_Harris@thomas-sanchez.com,20010530,52442775
Owens_620f1,Victor,Owens,Victor_Owens@collins.com,19960815,53064383
Koch_43971,Kimberly,Koch,Kimberly_Koch@rodriguez.net,19870125,35893839
Obrien_00e34,Allison,Obrien,Allison_Obrien@bailey-sanders.com,19620423,81154631
Rogers_160f6,John,Rogers,John_Rogers@oneill.com,19710905,21046575
Collins_120bd,Janet,Collins,Janet_Collins@farrell.com,19840721,89424095
Lawson_cbf97,Kristin,Lawson,Kristin_Lawson@salinas.com,19760111,36661711
Castaneda_7660a,James,Castaneda,James_Castaneda@miller-hart.com,19640126,64715807
Ortiz_15465,Robert,Ortiz,Robert_Ortiz@saunders-hunter.com,19760811,80296223
Harper_709ac,Connie,Harper,Connie_Harper@lewis.com,19950627,21369119
Burns_77872,Debbie,Burns,Debbie_Burns@salinas.com,19830608,95570935
Preston_b6298,Gabriel,Preston,Gabriel_Preston@black.com,19961120,88336263
Orozco_02d2b,Brandon,Orozco,Brandon_Orozco@greene.com,19870717,59988495
Nguyen_6f546,Kari,Nguyen,Kari_Nguyen@farley.com,19991119,47980591
Hill_3d175,Brittany,Hill,Brittany_Hill@rogers-hoffman.com,19870506,90817791
Martinez_a7c33,Carrie,Martinez,Carrie_Martinez@hendrix.com,19740124,96107743
White_e9960,Linda,White,Linda_White@moore.com,19751015,84876711
Spencer_faef3,Jake,Spencer,Jake_Spencer@murphy.com,20020905,53533879
Chan_f9d1e,Joseph,Chan,Joseph_Chan@hutchinson-gutierrez.com,19660922,19544079
Ali_411ea,Kathleen,Ali,Kathleen_Ali@horn-rogers.com,19960206,45338687
Stephens_baaae,Danielle,Stephens,Danielle_Stephens@miller.net,19610929,16838823
Schaefer_ac7f3,Brianna,Schaefer,Brianna_Schaefer@nelson-mcmahon.com,19761203,34700887
Morris_9ba0c,Angela,Morris,Angela_Morris@murray.com,19760702,89409391
Smith_69b70,Jessica,Smith,Jessica_Smith@walsh-steele.com,19510531,97984639
Long_f0fca,Brenda,Long,Brenda_Long@carter.net,19510914,45992583
Taylor_757b6,Megan,Taylor,Megan_Taylor@montgomery.com,19930510,12610975
Morales_3cabc,Kelly,Morales,Kelly_Morales@sanchez.com,19800227,44799815
Johnson_5c594,Sheri,Johnson,Sheri_Johnson@lucas.com,19880422,34118127
Pacheco_7ccf5,Lori,Pacheco,Lori_Pacheco@ayala.com,19620630,94662495
Schmidt_b6224,Sandra,Schmidt,Sandra_Schmidt@herrera.com,19591107,50638143
Rachel Hill_2b641,Ms.,Rachel Hill,Rachel_Hill@gutierrez.com,19541202,55824367
Case_86916,Emily,Case,Emily_Case@lewis.com,19850805,90216215
Alvarez_af321,Seth,Alvarez,Seth_Alvarez@conrad.com,19800108,90929927
Reyes_0a636,Jose,Reyes,Jose_Reyes@garcia.com,19700929,94563263
Le_44e84,Zachary,Le,Zachary_Le@whitaker.com,19851028,56441999
Anthony_91ec3,Rhonda,Anthony,Rhonda_Anthony@lawson.com,19740915,12850551
Hill_0d4d9,Joseph,Hill,Joseph_Hill@rodriguez-newton.com,20020923,89902687
Davis_dbcb2,Erin,Davis,Erin_Davis@sanchez.net,19600917,22992863
Brown_e903c,Lucas,Brown,Lucas_Brown@miller.com,19890111,34675679
Garcia_f20c5,William,Garcia,William_Garcia@powell.com,19851209,25729991
Swanson_b3ea5,Lauren,Swanson,Lauren_Swanson@pena-pierce.com,19610921,85204407
Frank_4dfb9,John,Frank,John_Frank@martin.com,19500519,42691023
Schmidt_8538c,Nicole,Schmidt,Nicole_Schmidt@stephens.com,19650911,86157423
Gray_15cd6,Nathan,Gray,Nathan_Gray@scott-gonzalez.com,19960618,48983767
Delgado_746ec,Nichole,Delgado,Nichole_Delgado@dixon-cruz.com,19720503,60338223
Rodriguez_32571,Marcus,Rodriguez,Marcus_Rodriguez@jones.com,19691105,23424599
Solomon_23bae,Samuel,Solomon,Samuel_Solomon@wolf.net,19871230,26166751
Miller_5f511,Katrina,Miller,Katrina_Miller@grimes.com,19540803,81240247
Conner_71970,Raymond,Conner,Raymond_Conner@oneal-johnson.com,19970128,95736583
Fuller_9068b,Lori,Fuller,Lori_Fuller@gordon.com,19680101,54288255
Wilson_4bdc8,Corey,Wilson,Corey_Wilson@hoover-hernandez.com,19531110,39467535
James_fbbbd,Holly,James,Holly_James@macdonald.com,19640411,62732175
Mccarty_a4b9d,Alicia,Mccarty,Alicia_Mccarty@beasley.com,19820916,57669519
Christian_90eb3,Zoe,Christian,Zoe_Christian@grant.com,19990319,22170983
Watson_4bf90,Nicholas,Watson,Nicholas_Watson@williams.com,19620304,72181751
Wood_67f27,Victoria,Wood,Victoria_Wood@proctor-baker.com,19910622,13955959
Knight_64864,Jillian,Knight,Jillian_Knight@davenport.com,19880811,20417711
Fisher_27703,Ryan,Fisher,Ryan_Fisher@fletcher.com,19871030,63505855
Howe_a7c94,Stephanie,Howe,Stephanie_Howe@allen.com,19630905,37283343
Kim_c0e4a,Kenneth,Kim,Kenneth_Kim@duran.com,19990505,37818767
Macias_a4116,Andrew,Macias,Andrew_Macias@douglas.com,19661013,28232535
Huffman_fb25a,Elizabeth,Huffman,Elizabeth_Huffman@zamora.com,19580918,15486151
Stone_9ab9f,Christina,Stone,Christina_Stone@medina.com,19930320,34449775
Merritt_696fd,Alexander,Merritt,Alexander_Merritt@butler.net,19800913,33574735
Sanders_e9c2f,Kelly,Sanders,Kelly_Sanders@coleman.com,19520413,29703695
Jones_fae51,Matthew,Jones,Matthew_Jones@arnold.com,20000615,98616991
David_39e9f,Sarah,David,Sarah_David@collier.net,19981216,97218247
Barajas_62836,Carmen,Barajas,Carmen_Barajas@smith.com,19810526,34685455
Johnson_5dcba,Angela,Johnson,Angela_Johnson@stewart.com,19840827,62439103
Sparks_3549e,Melissa,Sparks,Melissa_Sparks@sanchez-stevenson.com,19930208,27530863
Hill_e971e,Katherine,Hill,Katherine_Hill@tran.com,19830918,37709951
Hart_3b264,Kristin,Hart,Kristin_Hart@ortega.com,19661217,36255543
Ho_73551,Jacqueline,Ho,Jacqueline_Ho@henry.com,19610131,75359367
Knight_e66ab,Michael,Knight,Michael_Knight@davidson.com,19870408,71412263
Arroyo_80e53,Heather,Arroyo,Heather_Arroyo@martinez.com,19790907,36165719
Larson_af4a6,Lori,Larson,Lori_Larson@flowers.com,19630708,38397103
Vazquez_13d09,David,Vazquez,David_Vazquez@davila-beck.com,19900612,57160871
Hicks_5e5f2,Sherry,Hicks,Sherry_Hicks@stout-nicholson.com,19611127,12514111
Davila_ee457,Sarah,Davila,Sarah_Davila@nash.com,19790609,46685303
Oneill_fe1ad,Karen,Oneill,Karen_Oneill@gomez.com,19920410,72265879
Mills_924ce,Nicholas,Mills,Nicholas_Mills@williams.com,19630110,68844231
Montgomery_1a334,Jennifer,Montgomery,Jennifer_Montgomery@estrada-cole.com,19710715,53834071
Bailey_13beb,Cynthia,Bailey,Cynthia_Bailey@oneill.com,19790825,48942719
Wright_fefcf,John,Wright,John_Wright@harris.com,19831019,96650335
Brown_565a7,Sheila,Brown,Sheila_Brown@stevens-edwards.com,19821128,32490999
Moore_a6529,Lisa,Moore,Lisa_Moore@ramos.com,19941119,99493567
Newman_15a27,Julian,Newman,Julian_Newman@haynes.com,19580313,49873159
Ferguson_fb458,Thomas,Ferguson,Thomas_Ferguson@guzman.com,19591213,28787319
Rodriguez_a9b99,Lauren,Rodriguez,Lauren_Rodriguez@soto.com,19931016,27106623
Anderson_7118f,Richard,Anderson,Richard_Anderson@white.com,19580607,66751511
Lee_7f12f,Jessica,Lee,Jessica_Lee@brown-baxter.com,19670124,89410823
Allen_7a4f2,Martin,Allen,Martin_Allen@steele.com,20020924,99969439
Mitchell_1a383,Angela,Mitchell,Angela_Mitchell@moreno-evans.com,19690501,50190223
Sanchez_9f266,Derrick,Sanchez,Derrick_Sanchez@mitchell.com,19700424,97980535
Ellis_b9ff0,Christine,Ellis,Christine_Ellis@blackwell.com,19980617,69393823
Salinas_8ad1c,Alyssa,Salinas,Alyssa_Salinas@robbins.com,19980710,41363847
Kevin Walsh_66f94,Mr.,Kevin Walsh,Kevin_Walsh@hamilton.net,19920508,63251375
Knox_d64ed,Kenneth,Knox,Kenneth_Knox@zamora.com,19990626,47904991
Mitchell_1bdd4,Steve,Mitchell,Steve_Mitchell@adkins-russell.com,19751027,98789479
Hendricks_a352c,Craig,Hendricks,Craig_Hendricks@garcia-higgins.com,19951018,51721063
Kerr_a02d8,Ricky,Kerr,Ricky_Kerr@gonzalez-martinez.com,19510625,43238807
Aguilar_d3661,Gloria,Aguilar,Gloria_Aguilar@dorsey-donaldson.com,19690606,69773231
Knight_a334a,Alexander,Knight,Alexander_Knight@doyle.com,19741208,41639975
Cross_36c08,Joseph,Cross,Joseph_Cross@mason-shaw.net,19530126,35750023
Joel Myers PhD_1466d,Dr.,Joel Myers PhD,Joel_Myers@smith-willis.net,19720920,49665991
Mckee_92c0e,Michael,Mckee,Michael_Mckee@gordon.com,20000917,87409327
Park_a639e,Roy,Park,Roy_Park@rodriguez-west.com,19551029,69451423
Castro_5c1f9,Jonathan,Castro,Jonathan_Castro@sandoval.com,19700904,95059239
Carroll_78391,Richard,Carroll,Richard_Carroll@massey-gardner.com,19610526,61422551
Fletcher_e6fff,Michelle,Fletcher,Michelle_Fletcher@anderson.com,19831024,15665159
Murphy_ecd95,Carol,Murphy,Carol_Murphy@lowe.com,19640317,54241135
Russell_4e5df,Michael,Russell,Michael_Russell@orozco.com,19680803,24280095
Andrews_776f9,Shawna,Andrews,Shawna_Andrews@freeman.com,19981115,12022295
Hernandez_3d7b1,Dana,Hernandez,Dana_Hernandez@jackson.com,19940126,50236391
Harris_14343,Lauren,Harris,Lauren_Harris@long.com,19781108,42605007
Morales_867f3,Sean,Morales,Sean_Morales@molina.com,20030920,50605207
Mendoza_fa60d,John,Mendoza,John_Mendoza@mahoney.com,19850519,85845135
Mcdaniel_4de3f,Sierra,Mcdaniel,Sierra_Mcdaniel@mata.com,20030713,77274903
Smith_85c0b,Wendy,Smith,Wendy_Smith@smith-webb.com,19700128,60349279
Diaz_0bd1d,Leslie,Diaz,Leslie_Diaz@thomas-shelton.com,19570430,57506727
Snyder_d3f05,Grant,Snyder,Grant_Snyder@gonzales.com,19731031,23872143
Jenkins_27fe6,Brandi,Jenkins,Brandi_Jenkins@miller.com,19651228,79308567
Haynes_18bc2,Amy,Haynes,Amy_Haynes@levy.com,19600314,41563455
Roberts_d606a,John,Roberts,John_Roberts@hendricks.com,19540315,16513279
Nelson_82b88,Carrie,Nelson,Carrie_Nelson@archer-murphy.com,19510906,49242255
Hood_49403,Jacob,Hood,Jacob_Hood@evans.com,19560802,24204143
Charles_31f3e,Tracy,Charles,Tracy_Charles@rowe.com,19930811,62200511
Johnson_8eba4,Brandon,Johnson,Brandon_Johnson@ramirez.com,19851003,60862935
Nelson_e8e0f,Wendy,Nelson,Wendy_Nelson@day.com,19650801,59119063
Ramsey_75147,Jasmine,Ramsey,Jasmine_Ramsey@jackson.com,19500704,16447279
Beltran_b42ac,William,Beltran,William_Beltran@bean.com,19850313,16495975
Stuart_42d02,Gerald,Stuart,Gerald_Stuart@strong.net,19950810,98421991
Vaughan_8e8df,Jacob,Vaughan,Jacob_Vaughan@martinez.com,19830809,69615007
Fuentes_0598c,Matthew,Fuentes,Matthew_Fuentes@miranda.com,19660329,33411447
Carpenter_4acee,April,Carpenter,April_Carpenter@page.com,19710929,97274415
Garcia_d383b,Rachel,Garcia,Rachel_Garcia@neal.com,19961021,87786127
Madden_e846a,Patrick,Madden,Patrick_Madden@sanders.com,19940111,35389647
Myers_96365,Angela,Myers,Angela_Myers@rodriguez.com,19740126,59457063
Baker_726e6,Wayne,Baker,Wayne_Baker@brown.com,19671227,92067207
Cox_2e2dc,Haley,Cox,Haley_Cox@lewis.com,19640110,27911351
Sanders_65a5d,Dan,Sanders,Dan_Sanders@klein-hernandez.com,19500813,30043759
Fisher_cd40a,Thomas,Fisher,Thomas_Fisher@phillips.com,19850415,99090999
Lopez_d2a7d,Taylor,Lopez,Taylor_Lopez@jones-salazar.com,19570522,17889439
Macias_76606,Jeffrey,Macias,Jeffrey_Macias@cox.com,19900310,98485783
Drake_1697c,Brian,Drake,Brian_Drake@hurst-price.net,19621102,83466007
Jordan_26d57,Timothy,Jordan,Timothy_Jordan@young.com,19991228,77411263
Leblanc_25e89,Kathy,Leblanc,Kathy_Leblanc@warren-gray.com,19810227,69067343
Floyd_ee7c0,William,Floyd,William_Floyd@duran.com,19720713,27758191
Hayden_44dbe,Angela,Hayden,Angela_Hayden@barry.net,19960623,28574351
Hodges_c3205,Renee,Hodges,Renee_Hodges@hamilton.com,19871228,63899519
Miller_13572,Samantha,Miller,Samantha_Miller@mcmahon.com,19650604,41451647
Orozco_32e5d,Lauren,Orozco,Lauren_Orozco@sanchez.com,20000126,71540231
Owen_1c1c8,April,Owen,April_Owen@sanchez.com,19670923,16552967
Evan Russell_eeae9,Mr.,Evan Russell,Evan_Russell@ferguson.net,19590120,75209343
Castaneda_f22d0,Brent,Castaneda,Brent_Castaneda@garcia.com,19580703,80875871
Peters_e27c8,Gregory,Peters,Gregory_Peters@ray.net,19900209,78256247
Salazar_bc3a9,Matthew,Salazar,Matthew_Salazar@jones-jones.com,19991112,50895327
Martinez_fa7cb,Natasha,Martinez,Natasha_Martinez@west.com,19680418,55194439
Powell_3954e,Charles,Powell,Charles_Powell@knight.com,19970609,47215879
Powell_c3379,Brian,Powell,Brian_Powell@hernandez.com,19591115,67153775
Sandoval_6592d,Laura,Sandoval,Laura_Sandoval@brown.com,19860913,17475623
Charles Gonzalez_bc4a4,Mr.,Charles Gonzalez,Charles_Gonzalez@navarro.com,19710404,94465511
Caldwell_92d76,Nicholas,Caldwell,Nicholas_Caldwell@hurley-bass.com,19770714,42525999
Wyatt_4c1f7,Brian,Wyatt,Brian_Wyatt@wright-young.com,19581112,63631399
Garcia_a540e,Ryan,Garcia,Ryan_Garcia@vazquez-wells.com,19930815,26856535
Anderson_a86c0,Megan,Anderson,Megan_Anderson@wilson-murillo.com,19700729,21736903
Hughes_5403f,Pamela,Hughes,Pamela_Hughes@charles-costa.com,19870613,40181295
Scott_8d6d8,Tiffany,Scott,Tiffany_Scott@davis.com,19861011,76272207
Conway_b0354,Stanley,Conway,Stanley_Conway@adams.com,19850509,71853567
Petty_89b4f,Yolanda,Petty,Yolanda_Petty@dunlap-brown.com,19910125,69674519
Jones_7290c,Tara,Jones,Tara_Jones@blankenship.net,19850303,49275455
Williams_c20d3,George,Williams,George_Williams@patton.com,19810319,69991287
Allen_8c000,Lori,Allen,Lori_Allen@valdez-phillips.com,20020916,28175727
Kelly_19719,Charles,Kelly,Charles_Kelly@dalton.com,19690104,62777351
Villa_7f0b3,Jonathan,Villa,Jonathan_Villa@suarez.com,19750312,80471287
Jackson_40b1b,Cindy,Jackson,Cindy_Jackson@garcia-burch.com,19670727,60954247
Williams_10ae3,Scott,Williams,Scott_Williams@keller-wong.com,19800308,85799255
Hernandez_93271,Dylan,Hernandez,Dylan_Hernandez@singleton-johnson.com,19950103,31405951
Garcia_6967c,Michelle,Garcia,Michelle_Garcia@lynch.com,19801017,52895823
Bailey_255ab,Matthew,Bailey,Matthew_Bailey@benjamin.com,19870728,39436023
Flynn_066c3,Curtis,Flynn,Curtis_Flynn@cook-drake.com,19780926,58787463
Perez_7a5c3,Thomas,Perez,Thomas_Perez@greene-lopez.com,19630220,96377439
Kline_f3c8c,Sheri,Kline,Sheri_Kline@hinton.com,19940906,33546343
Jeff Baker_4cd37,Mr.,Jeff Baker,Jeff_Baker@bentley.com,19670424,57871767
Thomas_21996,Shannon,Thomas,Shannon_Thomas@dawson-alexander.com,19680309,18892279
Murray_8d3f7,Jeffrey,Murray,Jeffrey_Murray@jones.net,19821221,27473887
Wagner_83f4e,Kristin,Wagner,Kristin_Wagner@clayton.com,19970129,66045343
Shea_d5ebd,Nicole,Shea,Nicole_Shea@mcclure.com,19560201,28795599
